,registered,dteday,recency,frequency,monetary,recency_score,frequency_score,monetary_score,RFM_score,user_segment,user_type,casual
0,0.0,2012-11-23,38,24,35,4,4,2,10,Medium-Value Users,registered,
1,1.0,2012-12-31,0,201,294,5,5,2,12,Medium-Value Users,registered,
2,2.0,2012-12-30,1,245,648,5,5,2,12,Medium-Value Users,registered,
3,3.0,2012-12-31,0,294,1154,5,5,2,12,Medium-Value Users,registered,
4,4.0,2012-12-28,3,307,1602,5,5,2,12,Medium-Value Users,registered,
5,5.0,2012-12-29,2,287,1840,5,5,3,13,High-Value Users,registered,
6,6.0,2012-12-25,6,266,1992,5,5,3,13,High-Value Users,registered,
7,7.0,2012-12-30,1,200,1787,5,5,3,13,High-Value Users,registered,
8,8.0,2012-12-31,0,190,1968,5,5,3,13,High-Value Users,registered,
9,9.0,2012-12-31,0,178,2057,5,5,3,13,High-Value Users,registered,
10,10.0,2012-12-27,4,133,1651,5,5,2,12,Medium-Value Users,registered,
11,11.0,2012-12-26,5,140,1927,5,5,3,13,High-Value Users,registered,
12,12.0,2012-12-24,7,90,1350,5,5,2,12,Medium-Value Users,registered,
13,13.0,2012-12-31,0,93,1487,5,5,2,12,Medium-Value Users,registered,
14,14.0,2012-12-30,1,101,1692,5,5,2,12,Medium-Value Users,registered,
15,15.0,2012-12-28,3,95,1692,5,5,2,12,Medium-Value Users,registered,
16,16.0,2012-12-25,6,92,1795,5,5,3,13,High-Value Users,registered,
17,17.0,2012-12-29,2,85,1751,5,5,3,13,High-Value Users,registered,
18,18.0,2012-12-29,2,80,1819,5,5,3,13,High-Value Users,registered,
19,19.0,2012-12-30,1,106,2433,5,5,3,13,High-Value Users,registered,
20,20.0,2012-12-26,5,95,2240,5,5,3,13,High-Value Users,registered,
21,21.0,2012-12-25,6,81,2084,5,5,3,13,High-Value Users,registered,
22,22.0,2012-12-28,3,105,2781,5,5,3,13,High-Value Users,registered,
23,23.0,2012-12-25,6,90,2551,5,5,3,13,High-Value Users,registered,
24,24.0,2012-12-27,4,83,2300,5,5,3,13,High-Value Users,registered,
25,25.0,2012-12-29,2,77,2317,5,5,3,13,High-Value Users,registered,
26,26.0,2012-12-26,5,83,2589,5,5,3,13,High-Value Users,registered,
27,27.0,2012-12-30,1,68,2151,5,5,3,13,High-Value Users,registered,
28,28.0,2012-11-22,39,73,2370,4,5,3,12,Medium-Value Users,registered,
29,29.0,2012-12-25,6,71,2416,5,5,3,13,High-Value Users,registered,
30,30.0,2012-12-31,0,75,2746,5,5,3,13,High-Value Users,registered,
31,31.0,2012-12-29,2,70,2540,5,5,3,13,High-Value Users,registered,
32,32.0,2012-12-30,1,63,2344,5,5,3,13,High-Value Users,registered,
33,33.0,2012-12-29,2,66,2629,5,5,3,13,High-Value Users,registered,
34,34.0,2012-12-25,6,65,2524,5,5,3,13,High-Value Users,registered,
35,35.0,2012-12-29,2,59,2382,5,5,3,13,High-Value Users,registered,
36,36.0,2012-12-26,5,57,2350,5,5,3,13,High-Value Users,registered,
37,37.0,2012-12-31,0,58,2560,5,5,3,13,High-Value Users,registered,
38,38.0,2012-12-29,2,54,2493,5,5,3,13,High-Value Users,registered,
39,39.0,2012-12-30,1,67,3073,5,5,3,13,High-Value Users,registered,
40,40.0,2012-12-31,0,59,2712,5,5,3,13,High-Value Users,registered,
41,41.0,2012-12-30,1,52,2641,5,5,3,13,High-Value Users,registered,
42,42.0,2012-12-30,1,51,2545,5,5,3,13,High-Value Users,registered,
43,43.0,2012-12-29,2,65,3358,5,5,3,13,High-Value Users,registered,
44,44.0,2012-12-02,29,48,2444,4,5,3,12,Medium-Value Users,registered,
45,45.0,2012-12-27,4,48,2593,5,5,3,13,High-Value Users,registered,
46,46.0,2012-12-25,6,56,3138,5,5,3,13,High-Value Users,registered,
47,47.0,2012-12-15,16,52,2883,4,5,3,12,Medium-Value Users,registered,
48,48.0,2012-12-31,0,68,3919,5,5,4,14,High-Value Users,registered,
49,49.0,2012-12-28,3,69,3936,5,5,4,14,High-Value Users,registered,
50,50.0,2012-11-21,40,58,3456,4,5,4,13,High-Value Users,registered,
51,51.0,2012-12-29,2,53,3291,5,5,3,13,High-Value Users,registered,
52,52.0,2012-12-25,6,50,3131,5,5,3,13,High-Value Users,registered,
53,53.0,2012-12-23,8,71,4475,5,5,4,14,High-Value Users,registered,
54,54.0,2012-12-28,3,53,3485,5,5,4,14,High-Value Users,registered,
55,55.0,2012-12-22,9,60,3967,5,5,4,14,High-Value Users,registered,
56,56.0,2012-12-29,2,48,3282,5,5,3,13,High-Value Users,registered,
57,57.0,2012-12-21,10,51,3383,5,5,4,14,High-Value Users,registered,
58,58.0,2012-11-16,45,49,3401,4,5,4,13,High-Value Users,registered,
59,59.0,2012-11-27,34,53,3680,4,5,4,13,High-Value Users,registered,
60,60.0,2012-12-11,20,47,3305,4,5,3,12,Medium-Value Users,registered,
61,61.0,2012-10-28,64,52,3700,3,5,4,12,Medium-Value Users,registered,
62,62.0,2012-12-24,7,52,3874,5,5,4,14,High-Value Users,registered,
63,63.0,2012-12-30,1,48,3564,5,5,4,14,High-Value Users,registered,
64,64.0,2012-12-29,2,70,5511,5,5,4,14,High-Value Users,registered,
65,65.0,2012-12-30,1,48,3840,5,5,4,14,High-Value Users,registered,
66,66.0,2012-11-24,37,48,4005,4,5,4,13,High-Value Users,registered,
67,67.0,2012-12-27,4,49,3864,5,5,4,14,High-Value Users,registered,
68,68.0,2012-12-25,6,52,4249,5,5,4,14,High-Value Users,registered,
69,69.0,2012-12-05,26,43,3474,4,5,4,13,High-Value Users,registered,
70,70.0,2012-12-09,22,48,4051,4,5,4,13,High-Value Users,registered,
71,71.0,2012-12-29,2,56,4842,5,5,4,14,High-Value Users,registered,
72,72.0,2012-12-02,29,54,4585,4,5,4,13,High-Value Users,registered,
73,73.0,2012-11-28,33,51,4596,4,5,4,13,High-Value Users,registered,
74,74.0,2012-11-24,37,43,3797,4,5,4,13,High-Value Users,registered,
75,75.0,2012-12-28,3,44,3896,5,5,4,14,High-Value Users,registered,
76,76.0,2012-12-21,10,49,4388,5,5,4,14,High-Value Users,registered,
77,77.0,2012-12-22,9,45,4518,5,5,4,14,High-Value Users,registered,
78,78.0,2012-11-14,47,44,4055,3,5,4,12,Medium-Value Users,registered,
79,79.0,2012-12-27,4,59,5651,5,5,4,14,High-Value Users,registered,
80,80.0,2012-12-27,4,58,5599,5,5,4,14,High-Value Users,registered,
81,81.0,2012-12-31,0,52,5265,5,5,4,14,High-Value Users,registered,
82,82.0,2012-12-24,7,50,5080,5,5,4,14,High-Value Users,registered,
83,83.0,2012-12-31,0,59,5857,5,5,4,14,High-Value Users,registered,
84,84.0,2012-12-19,12,43,4393,5,5,4,14,High-Value Users,registered,
85,85.0,2012-12-28,3,50,5511,5,5,4,14,High-Value Users,registered,
86,86.0,2012-12-30,1,60,6370,5,5,5,15,High-Value Users,registered,
87,87.0,2012-12-31,0,43,4466,5,5,4,14,High-Value Users,registered,
88,88.0,2012-12-29,2,64,6954,5,5,5,15,High-Value Users,registered,
89,89.0,2012-12-27,4,46,5153,5,5,4,14,High-Value Users,registered,
90,90.0,2012-12-29,2,45,4922,5,5,4,14,High-Value Users,registered,
91,91.0,2012-12-30,1,40,4428,5,5,4,14,High-Value Users,registered,
92,92.0,2012-12-16,15,50,5723,5,5,4,14,High-Value Users,registered,
93,93.0,2012-12-23,8,49,5983,5,5,4,14,High-Value Users,registered,
94,94.0,2012-12-27,4,52,6099,5,5,4,14,High-Value Users,registered,
95,95.0,2012-11-27,34,75,8873,4,5,5,14,High-Value Users,registered,
96,96.0,2012-11-24,37,48,6027,4,5,4,13,High-Value Users,registered,
97,97.0,2012-12-30,1,53,6380,5,5,5,15,High-Value Users,registered,
98,98.0,2012-12-23,8,52,6201,5,5,4,14,High-Value Users,registered,
99,99.0,2012-12-27,4,58,6916,5,5,5,15,High-Value Users,registered,
100,100.0,2012-12-29,2,53,6515,5,5,5,15,High-Value Users,registered,
101,101.0,2012-12-30,1,47,5746,5,5,4,14,High-Value Users,registered,
102,102.0,2012-12-30,1,59,7186,5,5,5,15,High-Value Users,registered,
103,103.0,2012-12-30,1,51,6647,5,5,5,15,High-Value Users,registered,
104,104.0,2012-12-24,7,67,8789,5,5,5,15,High-Value Users,registered,
105,105.0,2012-12-22,9,49,6170,5,5,4,14,High-Value Users,registered,
106,106.0,2012-12-27,4,48,6313,5,5,4,14,High-Value Users,registered,
107,107.0,2012-12-28,3,56,7413,5,5,5,15,High-Value Users,registered,
108,108.0,2012-12-31,0,61,7958,5,5,5,15,High-Value Users,registered,
109,109.0,2012-12-19,12,43,5922,5,5,4,14,High-Value Users,registered,
110,110.0,2012-12-29,2,53,7214,5,5,5,15,High-Value Users,registered,
111,111.0,2012-12-28,3,61,8537,5,5,5,15,High-Value Users,registered,
112,112.0,2012-12-31,0,60,8212,5,5,5,15,High-Value Users,registered,
113,113.0,2012-12-30,1,36,5033,5,4,4,13,High-Value Users,registered,
114,114.0,2012-12-31,0,58,8506,5,5,5,15,High-Value Users,registered,
115,115.0,2012-12-20,11,59,8267,5,5,5,15,High-Value Users,registered,
116,116.0,2012-12-12,19,56,7971,4,5,5,14,High-Value Users,registered,
117,117.0,2012-12-19,12,42,6262,5,5,4,14,High-Value Users,registered,
118,118.0,2012-12-23,8,48,7303,5,5,5,15,High-Value Users,registered,
119,119.0,2012-12-05,26,56,8117,4,5,5,14,High-Value Users,registered,
120,120.0,2012-12-30,1,50,7575,5,5,5,15,High-Value Users,registered,
121,121.0,2012-12-30,1,50,7485,5,5,5,15,High-Value Users,registered,
122,122.0,2012-12-06,25,42,6395,4,5,5,14,High-Value Users,registered,
123,123.0,2012-12-23,8,45,6908,5,5,5,15,High-Value Users,registered,
124,124.0,2012-12-22,9,44,6706,5,5,5,15,High-Value Users,registered,
125,125.0,2012-12-29,2,39,6355,5,5,4,14,High-Value Users,registered,
126,126.0,2012-12-12,19,55,8652,4,5,5,14,High-Value Users,registered,
127,127.0,2012-12-27,4,61,9916,5,5,5,15,High-Value Users,registered,
128,128.0,2012-12-22,9,50,7954,5,5,5,15,High-Value Users,registered,
129,129.0,2012-09-17,105,42,7097,2,5,5,12,Medium-Value Users,registered,
130,130.0,2012-12-22,9,57,9361,5,5,5,15,High-Value Users,registered,
131,131.0,2012-12-06,25,35,5734,4,4,4,12,Medium-Value Users,registered,
132,132.0,2012-11-28,33,44,7173,4,5,5,14,High-Value Users,registered,
133,133.0,2012-12-01,30,42,7156,4,5,5,14,High-Value Users,registered,
134,134.0,2012-12-15,16,53,8773,4,5,5,14,High-Value Users,registered,
135,135.0,2012-12-22,9,43,7039,5,5,5,15,High-Value Users,registered,
136,136.0,2012-12-03,28,43,7508,4,5,5,14,High-Value Users,registered,
137,137.0,2012-12-23,8,51,9157,5,5,5,15,High-Value Users,registered,
138,138.0,2012-12-20,11,41,7048,5,5,5,15,High-Value Users,registered,
139,139.0,2012-12-22,9,55,9544,5,5,5,15,High-Value Users,registered,
140,140.0,2012-10-22,70,35,6200,3,4,4,11,Medium-Value Users,registered,
141,141.0,2012-12-22,9,48,8787,5,5,5,15,High-Value Users,registered,
142,142.0,2012-12-11,20,54,9688,4,5,5,14,High-Value Users,registered,
143,143.0,2012-11-22,39,39,7228,4,5,5,14,High-Value Users,registered,
144,144.0,2012-12-31,0,54,9763,5,5,5,15,High-Value Users,registered,
145,145.0,2012-12-11,20,42,7608,4,5,5,14,High-Value Users,registered,
146,146.0,2012-12-28,3,45,8413,5,5,5,15,High-Value Users,registered,
147,147.0,2012-12-19,12,45,8197,5,5,5,15,High-Value Users,registered,
148,148.0,2012-12-21,10,49,9237,5,5,5,15,High-Value Users,registered,
149,149.0,2012-11-24,37,42,8082,4,5,5,14,High-Value Users,registered,
150,150.0,2012-12-31,0,56,10675,5,5,5,15,High-Value Users,registered,
151,151.0,2012-12-28,3,49,9331,5,5,5,15,High-Value Users,registered,
152,152.0,2012-10-31,61,40,7826,3,5,5,13,High-Value Users,registered,
153,153.0,2012-12-08,23,47,9405,4,5,5,14,High-Value Users,registered,
154,154.0,2012-11-22,39,42,8121,4,5,5,14,High-Value Users,registered,
155,155.0,2012-12-04,27,59,11614,4,5,5,14,High-Value Users,registered,
156,156.0,2012-11-01,60,59,11837,3,5,5,13,High-Value Users,registered,
157,157.0,2012-11-16,45,37,7464,4,5,5,14,High-Value Users,registered,
158,158.0,2012-12-02,29,45,8893,4,5,5,14,High-Value Users,registered,
159,159.0,2012-12-18,13,41,8262,5,5,5,15,High-Value Users,registered,
160,160.0,2012-11-20,41,30,6339,4,4,4,12,Medium-Value Users,registered,
161,161.0,2012-12-05,26,59,12081,4,5,5,14,High-Value Users,registered,
162,162.0,2012-12-18,13,48,9543,5,5,5,15,High-Value Users,registered,
163,163.0,2012-11-09,52,50,10580,3,5,5,13,High-Value Users,registered,
164,164.0,2012-12-19,12,43,8663,5,5,5,15,High-Value Users,registered,
165,165.0,2012-12-31,0,38,7633,5,5,5,15,High-Value Users,registered,
166,166.0,2012-09-19,103,40,8137,2,5,5,12,Medium-Value Users,registered,
167,167.0,2012-11-14,47,33,7262,3,4,5,12,Medium-Value Users,registered,
168,168.0,2012-12-20,11,54,11666,5,5,5,15,High-Value Users,registered,
169,169.0,2012-12-19,12,44,9453,5,5,5,15,High-Value Users,registered,
170,170.0,2012-12-01,30,50,10777,4,5,5,14,High-Value Users,registered,
171,171.0,2012-12-20,11,42,8997,5,5,5,15,High-Value Users,registered,
172,172.0,2012-12-31,0,33,7617,5,4,5,14,High-Value Users,registered,
173,173.0,2012-12-28,3,35,8134,5,4,5,14,High-Value Users,registered,
174,174.0,2012-11-29,32,36,7907,4,4,5,13,High-Value Users,registered,
175,175.0,2012-12-08,23,46,10591,4,5,5,14,High-Value Users,registered,
176,176.0,2012-11-09,52,53,12095,3,5,5,13,High-Value Users,registered,
177,177.0,2012-12-28,3,44,10149,5,5,5,15,High-Value Users,registered,
178,178.0,2012-12-15,16,50,11076,4,5,5,14,High-Value Users,registered,
179,179.0,2012-12-10,21,33,7668,4,4,5,13,High-Value Users,registered,
180,180.0,2012-12-14,17,39,8984,4,5,5,14,High-Value Users,registered,
181,181.0,2012-12-20,11,37,8988,5,5,5,15,High-Value Users,registered,
182,182.0,2012-12-03,28,31,7274,4,4,5,13,High-Value Users,registered,
183,183.0,2012-12-19,12,41,9674,5,5,5,15,High-Value Users,registered,
184,184.0,2012-12-31,0,43,10274,5,5,5,15,High-Value Users,registered,
185,185.0,2012-12-31,0,36,8607,5,4,5,14,High-Value Users,registered,
186,186.0,2012-12-12,19,43,10347,4,5,5,14,High-Value Users,registered,
187,187.0,2012-12-31,0,38,9399,5,5,5,15,High-Value Users,registered,
188,188.0,2012-12-27,4,44,10624,5,5,5,15,High-Value Users,registered,
189,189.0,2012-11-28,33,46,10835,4,5,5,14,High-Value Users,registered,
190,190.0,2012-12-10,21,34,8067,4,4,5,13,High-Value Users,registered,
191,191.0,2012-12-18,13,37,9351,5,5,5,15,High-Value Users,registered,
192,192.0,2012-12-17,14,41,10763,5,5,5,15,High-Value Users,registered,
193,193.0,2012-12-11,20,35,8914,4,4,5,13,High-Value Users,registered,
194,194.0,2012-12-17,14,31,7418,5,4,5,14,High-Value Users,registered,
195,195.0,2012-11-23,38,27,6670,4,4,5,13,High-Value Users,registered,
196,196.0,2012-12-17,14,35,9328,5,4,5,14,High-Value Users,registered,
197,197.0,2012-12-28,3,36,8804,5,4,5,14,High-Value Users,registered,
198,198.0,2012-11-21,40,35,8457,4,4,5,13,High-Value Users,registered,
199,199.0,2012-12-21,10,34,8320,5,4,5,14,High-Value Users,registered,
200,200.0,2012-12-13,18,29,7253,4,4,5,13,High-Value Users,registered,
201,201.0,2012-11-29,32,34,9129,4,4,5,13,High-Value Users,registered,
202,202.0,2012-11-08,53,37,9844,3,5,5,13,High-Value Users,registered,
203,203.0,2012-12-19,12,36,9603,5,4,5,14,High-Value Users,registered,
204,204.0,2012-12-07,24,28,6961,4,4,5,13,High-Value Users,registered,
205,205.0,2012-12-21,10,27,7106,5,4,5,14,High-Value Users,registered,
206,206.0,2012-12-27,4,39,10335,5,5,5,15,High-Value Users,registered,
207,207.0,2012-12-12,19,39,10020,4,5,5,14,High-Value Users,registered,
208,208.0,2012-12-28,3,30,8098,5,4,5,14,High-Value Users,registered,
209,209.0,2012-12-19,12,40,11207,5,5,5,15,High-Value Users,registered,
210,210.0,2012-12-09,22,28,7567,4,4,5,13,High-Value Users,registered,
211,211.0,2012-12-18,13,32,8392,5,4,5,14,High-Value Users,registered,
212,212.0,2012-12-08,23,33,9175,4,4,5,13,High-Value Users,registered,
213,213.0,2012-12-11,20,27,7523,4,4,5,13,High-Value Users,registered,
214,214.0,2012-12-21,10,36,10485,5,4,5,14,High-Value Users,registered,
215,215.0,2012-12-16,15,22,6588,5,4,5,14,High-Value Users,registered,
216,216.0,2012-12-20,11,37,10657,5,5,5,15,High-Value Users,registered,
217,217.0,2012-11-06,55,30,8607,3,4,5,12,Medium-Value Users,registered,
218,218.0,2012-12-18,13,38,10423,5,5,5,15,High-Value Users,registered,
219,219.0,2012-12-01,30,27,7771,4,4,5,13,High-Value Users,registered,
220,220.0,2012-12-12,19,38,10444,4,5,5,14,High-Value Users,registered,
221,221.0,2012-08-31,122,30,8770,2,4,5,11,Medium-Value Users,registered,
222,222.0,2012-12-06,25,38,10989,4,5,5,14,High-Value Users,registered,
223,223.0,2012-09-30,92,34,10001,3,4,5,12,Medium-Value Users,registered,
224,224.0,2012-12-10,21,33,10171,4,4,5,13,High-Value Users,registered,
225,225.0,2012-12-15,16,34,9884,4,4,5,13,High-Value Users,registered,
226,226.0,2012-12-11,20,36,10800,4,4,5,13,High-Value Users,registered,
227,227.0,2012-12-27,4,31,9146,5,4,5,14,High-Value Users,registered,
228,228.0,2012-12-28,3,39,11829,5,5,5,15,High-Value Users,registered,
229,229.0,2012-12-07,24,27,8138,4,4,5,13,High-Value Users,registered,
230,230.0,2012-12-13,18,34,11310,4,4,5,13,High-Value Users,registered,
231,231.0,2012-12-19,12,28,8210,5,4,5,14,High-Value Users,registered,
232,232.0,2012-12-15,16,32,9914,4,4,5,13,High-Value Users,registered,
233,233.0,2012-12-04,27,29,8321,4,4,5,13,High-Value Users,registered,
234,234.0,2012-12-21,10,25,7858,5,4,5,14,High-Value Users,registered,
235,235.0,2012-12-18,13,26,8240,5,4,5,14,High-Value Users,registered,
236,236.0,2012-12-21,10,19,5853,5,4,4,13,High-Value Users,registered,
237,237.0,2012-11-17,44,21,6430,4,4,5,13,High-Value Users,registered,
238,238.0,2012-12-28,3,26,8180,5,4,5,14,High-Value Users,registered,
239,239.0,2012-11-05,56,28,8830,3,4,5,12,Medium-Value Users,registered,
240,240.0,2012-12-13,18,31,9400,4,4,5,13,High-Value Users,registered,
241,241.0,2012-11-30,31,36,11027,4,4,5,13,High-Value Users,registered,
242,242.0,2012-10-25,67,28,8643,3,4,5,12,Medium-Value Users,registered,
243,243.0,2012-12-12,19,29,9926,4,4,5,13,High-Value Users,registered,
244,244.0,2012-12-14,17,34,11337,4,4,5,13,High-Value Users,registered,
245,245.0,2012-10-24,68,28,9142,3,4,5,12,Medium-Value Users,registered,
246,246.0,2012-12-31,0,25,7937,5,4,5,14,High-Value Users,registered,
247,247.0,2012-10-25,67,36,11749,3,4,5,12,Medium-Value Users,registered,
248,248.0,2012-12-16,15,26,7800,5,4,5,14,High-Value Users,registered,
249,249.0,2012-11-07,54,14,4629,3,4,4,11,Medium-Value Users,registered,
250,250.0,2012-12-15,16,15,4848,4,4,4,12,Medium-Value Users,registered,
251,251.0,2012-12-14,17,24,7506,4,4,5,13,High-Value Users,registered,
252,252.0,2012-12-14,17,33,10723,4,4,5,13,High-Value Users,registered,
253,253.0,2012-12-21,10,33,11226,5,4,5,14,High-Value Users,registered,
254,254.0,2012-09-19,103,23,7776,2,4,5,11,Medium-Value Users,registered,
255,255.0,2012-12-09,22,30,9881,4,4,5,13,High-Value Users,registered,
256,256.0,2012-11-10,51,31,10231,3,4,5,12,Medium-Value Users,registered,
257,257.0,2012-12-06,25,20,6810,4,4,5,13,High-Value Users,registered,
258,258.0,2012-11-28,33,25,8852,4,4,5,13,High-Value Users,registered,
259,259.0,2012-10-31,61,17,5471,3,4,4,11,Medium-Value Users,registered,
260,260.0,2012-12-16,15,30,10314,5,4,5,14,High-Value Users,registered,
261,261.0,2012-10-17,75,16,5814,3,4,4,11,Medium-Value Users,registered,
262,262.0,2012-11-30,31,27,8880,4,4,5,13,High-Value Users,registered,
263,263.0,2012-09-29,93,18,6194,3,4,4,11,Medium-Value Users,registered,
264,264.0,2012-12-18,13,22,7555,5,4,5,14,High-Value Users,registered,
265,265.0,2012-12-21,10,30,9753,5,4,5,14,High-Value Users,registered,
266,266.0,2012-09-21,101,18,6001,3,4,4,11,Medium-Value Users,registered,
267,267.0,2012-11-18,43,20,6756,4,4,5,13,High-Value Users,registered,
268,268.0,2012-12-08,23,20,7338,4,4,5,13,High-Value Users,registered,
269,269.0,2012-12-07,24,16,5695,4,4,4,12,Medium-Value Users,registered,
270,270.0,2012-12-01,30,30,10489,4,4,5,13,High-Value Users,registered,
271,271.0,2012-12-17,14,18,6346,5,4,4,13,High-Value Users,registered,
272,272.0,2012-12-12,19,14,5153,4,4,4,12,Medium-Value Users,registered,
273,273.0,2012-12-10,21,22,7701,4,4,5,13,High-Value Users,registered,
274,274.0,2012-12-15,16,18,6457,4,4,5,13,High-Value Users,registered,
275,275.0,2012-08-30,123,17,6440,2,4,5,11,Medium-Value Users,registered,
276,276.0,2012-11-26,35,21,7422,4,4,5,13,High-Value Users,registered,
277,277.0,2012-10-19,73,16,5522,3,4,4,11,Medium-Value Users,registered,
278,278.0,2012-11-09,52,21,7919,3,4,5,12,Medium-Value Users,registered,
279,279.0,2012-10-11,81,18,6723,3,4,5,12,Medium-Value Users,registered,
280,280.0,2012-11-12,49,16,5512,3,4,4,11,Medium-Value Users,registered,
281,281.0,2012-12-20,11,18,6350,5,4,4,13,High-Value Users,registered,
282,282.0,2012-11-13,48,17,6246,3,4,4,11,Medium-Value Users,registered,
283,283.0,2012-09-07,115,15,4971,2,4,4,10,Medium-Value Users,registered,
284,284.0,2012-12-03,28,22,8314,4,4,5,13,High-Value Users,registered,
285,285.0,2012-07-12,172,11,3538,2,4,4,10,Medium-Value Users,registered,
286,286.0,2012-11-29,32,17,5925,4,4,4,12,Medium-Value Users,registered,
287,287.0,2012-12-17,14,18,6405,5,4,5,14,High-Value Users,registered,
288,288.0,2012-10-19,73,24,9039,3,4,5,12,Medium-Value Users,registered,
289,289.0,2012-12-16,15,22,7975,5,4,5,14,High-Value Users,registered,
290,290.0,2012-11-14,47,11,4660,3,4,4,11,Medium-Value Users,registered,
291,291.0,2012-12-10,21,17,6454,4,4,5,13,High-Value Users,registered,
292,292.0,2012-12-16,15,23,8540,5,4,5,14,High-Value Users,registered,
293,293.0,2012-09-04,118,11,4108,2,4,4,10,Medium-Value Users,registered,
294,294.0,2012-10-08,84,14,4933,3,4,4,11,Medium-Value Users,registered,
295,295.0,2012-11-21,40,9,3494,4,3,4,11,Medium-Value Users,registered,
296,296.0,2012-08-21,132,17,6316,2,4,4,10,Medium-Value Users,registered,
297,297.0,2012-12-21,10,14,5079,5,4,4,13,High-Value Users,registered,
298,298.0,2012-11-20,41,20,7364,4,4,5,13,High-Value Users,registered,
299,299.0,2012-10-13,79,22,8342,3,4,5,12,Medium-Value Users,registered,
300,300.0,2012-12-13,18,15,5940,4,4,4,12,Medium-Value Users,registered,
301,301.0,2012-10-17,75,14,5312,3,4,4,11,Medium-Value Users,registered,
302,302.0,2012-12-14,17,21,7520,4,4,5,13,High-Value Users,registered,
303,303.0,2012-12-20,11,12,4621,5,4,4,13,High-Value Users,registered,
304,304.0,2012-11-09,52,11,4427,3,4,4,11,Medium-Value Users,registered,
305,305.0,2012-12-14,17,15,5633,4,4,4,12,Medium-Value Users,registered,
306,306.0,2012-11-16,45,12,4614,4,4,4,12,Medium-Value Users,registered,
307,307.0,2012-12-18,13,8,3684,5,3,4,12,Medium-Value Users,registered,
308,308.0,2012-12-10,21,15,5690,4,4,4,12,Medium-Value Users,registered,
309,309.0,2012-12-19,12,12,5384,5,4,4,13,High-Value Users,registered,
310,310.0,2012-12-12,19,16,6166,4,4,4,12,Medium-Value Users,registered,
311,311.0,2012-12-02,29,14,5566,4,4,4,12,Medium-Value Users,registered,
312,312.0,2012-11-12,49,17,6855,3,4,5,12,Medium-Value Users,registered,
313,313.0,2012-11-30,31,13,4713,4,4,4,12,Medium-Value Users,registered,
314,314.0,2012-12-17,14,17,7422,5,4,5,14,High-Value Users,registered,
315,315.0,2012-09-21,101,12,5073,3,4,4,11,Medium-Value Users,registered,
316,316.0,2012-11-28,33,19,7801,4,4,5,13,High-Value Users,registered,
317,317.0,2012-12-04,27,16,6624,4,4,5,13,High-Value Users,registered,
318,318.0,2012-12-01,30,15,6107,4,4,4,12,Medium-Value Users,registered,
319,319.0,2012-11-03,58,10,4269,3,4,4,11,Medium-Value Users,registered,
320,320.0,2012-11-21,40,20,7653,4,4,5,13,High-Value Users,registered,
321,321.0,2012-11-08,53,10,4063,3,4,4,11,Medium-Value Users,registered,
322,322.0,2012-12-11,20,5,2325,4,3,3,10,Medium-Value Users,registered,
323,323.0,2012-12-18,13,19,7958,5,4,5,14,High-Value Users,registered,
324,324.0,2012-11-11,50,13,5881,3,4,4,11,Medium-Value Users,registered,
325,325.0,2012-11-19,42,13,5211,4,4,4,12,Medium-Value Users,registered,
326,326.0,2012-11-29,32,12,4773,4,4,4,12,Medium-Value Users,registered,
327,327.0,2012-12-15,16,11,4595,4,4,4,12,Medium-Value Users,registered,
328,328.0,2012-12-15,16,12,4759,4,4,4,12,Medium-Value Users,registered,
329,329.0,2012-12-19,12,16,6812,5,4,5,14,High-Value Users,registered,
330,330.0,2012-12-14,17,16,7280,4,4,5,13,High-Value Users,registered,
331,331.0,2012-12-02,29,14,5786,4,4,4,12,Medium-Value Users,registered,
332,332.0,2012-11-09,52,15,6233,3,4,4,11,Medium-Value Users,registered,
333,333.0,2012-12-17,14,12,4440,5,4,4,13,High-Value Users,registered,
334,334.0,2012-12-18,13,13,5277,5,4,4,13,High-Value Users,registered,
335,335.0,2012-11-20,41,16,6838,4,4,5,13,High-Value Users,registered,
336,336.0,2012-12-07,24,6,2378,4,3,3,10,Medium-Value Users,registered,
337,337.0,2012-12-07,24,14,6288,4,4,4,12,Medium-Value Users,registered,
338,338.0,2012-11-27,34,14,6249,4,4,4,12,Medium-Value Users,registered,
339,339.0,2012-11-03,58,10,4622,3,4,4,11,Medium-Value Users,registered,
340,340.0,2012-09-07,115,12,5371,2,4,4,10,Medium-Value Users,registered,
341,341.0,2012-12-08,23,9,4284,4,3,4,11,Medium-Value Users,registered,
342,342.0,2012-11-11,50,14,7402,3,4,5,12,Medium-Value Users,registered,
343,343.0,2012-11-17,44,13,5625,4,4,4,12,Medium-Value Users,registered,
344,344.0,2012-11-13,48,9,3680,3,3,4,10,Medium-Value Users,registered,
345,345.0,2012-10-09,83,8,3029,3,3,3,9,Low-Value Users,registered,
346,346.0,2012-12-20,11,17,7490,5,4,5,14,High-Value Users,registered,
347,347.0,2012-12-02,29,17,8063,4,4,5,13,High-Value Users,registered,
348,348.0,2012-11-10,51,15,6760,3,4,5,12,Medium-Value Users,registered,
349,349.0,2012-11-02,59,14,6179,3,4,4,11,Medium-Value Users,registered,
350,350.0,2012-12-16,15,12,5050,5,4,4,13,High-Value Users,registered,
351,351.0,2012-12-18,13,13,6156,5,4,4,13,High-Value Users,registered,
352,352.0,2012-12-15,16,14,5922,4,4,4,12,Medium-Value Users,registered,
353,353.0,2012-07-13,171,7,3079,2,3,3,8,Low-Value Users,registered,
354,354.0,2012-12-05,26,15,6885,4,4,5,13,High-Value Users,registered,
355,355.0,2012-11-26,35,11,5194,4,4,4,12,Medium-Value Users,registered,
356,356.0,2012-12-13,18,12,5540,4,4,4,12,Medium-Value Users,registered,
357,357.0,2012-10-09,83,11,5437,3,4,4,11,Medium-Value Users,registered,
358,358.0,2012-12-02,29,15,6918,4,4,5,13,High-Value Users,registered,
359,359.0,2012-12-20,11,9,3785,5,3,4,12,Medium-Value Users,registered,
360,360.0,2012-12-19,12,9,4217,5,3,4,12,Medium-Value Users,registered,
361,361.0,2012-11-20,41,16,7314,4,4,5,13,High-Value Users,registered,
362,362.0,2012-12-05,26,14,6348,4,4,4,12,Medium-Value Users,registered,
363,363.0,2012-11-26,35,11,5027,4,4,4,12,Medium-Value Users,registered,
364,364.0,2012-12-15,16,7,3161,4,3,3,10,Medium-Value Users,registered,
365,365.0,2012-08-12,141,9,4390,2,3,4,9,Low-Value Users,registered,
366,366.0,2012-12-12,19,11,5679,4,4,4,12,Medium-Value Users,registered,
367,367.0,2012-10-16,76,10,4415,3,4,4,11,Medium-Value Users,registered,
368,368.0,2012-12-15,16,16,7159,4,4,5,13,High-Value Users,registered,
369,369.0,2012-12-01,30,17,8177,4,4,5,13,High-Value Users,registered,
370,370.0,2012-10-27,65,7,3740,3,3,4,10,Medium-Value Users,registered,
371,371.0,2012-12-01,30,10,4781,4,4,4,12,Medium-Value Users,registered,
372,372.0,2012-12-14,17,12,6134,4,4,4,12,Medium-Value Users,registered,
373,373.0,2012-11-02,59,6,2839,3,3,3,9,Low-Value Users,registered,
374,374.0,2012-12-08,23,12,5228,4,4,4,12,Medium-Value Users,registered,
375,375.0,2012-11-15,46,8,3826,3,3,4,10,Medium-Value Users,registered,
376,376.0,2012-10-20,72,8,3768,3,3,4,10,Medium-Value Users,registered,
377,377.0,2012-11-09,52,12,5270,3,4,4,11,Medium-Value Users,registered,
378,378.0,2012-12-08,23,14,6409,4,4,5,13,High-Value Users,registered,
379,379.0,2012-10-04,88,7,3155,3,3,3,9,Low-Value Users,registered,
380,380.0,2012-12-13,18,8,3839,4,3,4,11,Medium-Value Users,registered,
381,381.0,2012-12-06,25,12,5346,4,4,4,12,Medium-Value Users,registered,
382,382.0,2012-10-22,70,6,2861,3,3,3,9,Low-Value Users,registered,
383,383.0,2012-11-10,51,8,4460,3,3,4,10,Medium-Value Users,registered,
384,384.0,2012-12-12,19,11,5101,4,4,4,12,Medium-Value Users,registered,
385,385.0,2012-09-20,102,7,3140,2,3,3,8,Low-Value Users,registered,
386,386.0,2012-12-01,30,9,4035,4,3,4,11,Medium-Value Users,registered,
387,387.0,2012-12-03,28,7,2870,4,3,3,10,Medium-Value Users,registered,
388,388.0,2012-10-27,65,12,6007,3,4,4,11,Medium-Value Users,registered,
389,389.0,2012-12-05,26,7,3250,4,3,3,10,Medium-Value Users,registered,
390,390.0,2012-11-11,50,5,2796,3,3,3,9,Low-Value Users,registered,
391,391.0,2012-12-04,27,14,6466,4,4,5,13,High-Value Users,registered,
392,392.0,2012-05-18,227,4,1733,2,3,3,8,Low-Value Users,registered,
393,393.0,2012-11-11,50,13,5846,3,4,4,11,Medium-Value Users,registered,
394,394.0,2012-08-10,143,7,3097,2,3,3,8,Low-Value Users,registered,
395,395.0,2012-09-07,115,2,886,2,2,2,6,Low-Value Users,registered,
396,396.0,2012-10-24,68,7,3076,3,3,3,9,Low-Value Users,registered,
397,397.0,2012-12-03,28,14,6220,4,4,4,12,Medium-Value Users,registered,
398,398.0,2012-05-16,229,7,3097,2,3,3,8,Low-Value Users,registered,
399,399.0,2012-12-08,23,15,7045,4,4,5,13,High-Value Users,registered,
400,400.0,2012-12-05,26,8,4435,4,3,4,11,Medium-Value Users,registered,
401,401.0,2012-10-27,65,6,3197,3,3,3,9,Low-Value Users,registered,
402,402.0,2012-09-16,106,6,2877,2,3,3,8,Low-Value Users,registered,
403,403.0,2012-11-28,33,6,2926,4,3,3,10,Medium-Value Users,registered,
404,404.0,2012-10-27,65,10,5400,3,4,4,11,Medium-Value Users,registered,
405,405.0,2012-11-14,47,8,4245,3,3,4,10,Medium-Value Users,registered,
406,406.0,2012-09-13,109,3,1368,2,2,2,6,Low-Value Users,registered,
407,407.0,2012-10-25,67,4,1808,3,3,3,9,Low-Value Users,registered,
408,408.0,2012-10-26,66,9,4557,3,3,4,10,Medium-Value Users,registered,
409,409.0,2012-12-10,21,8,3699,4,3,4,11,Medium-Value Users,registered,
410,410.0,2012-11-21,40,5,2517,4,3,3,10,Medium-Value Users,registered,
411,411.0,2012-11-20,41,7,3357,4,3,3,10,Medium-Value Users,registered,
412,412.0,2012-12-11,20,8,3949,4,3,4,11,Medium-Value Users,registered,
413,413.0,2012-10-11,81,5,2255,3,3,3,9,Low-Value Users,registered,
414,414.0,2012-12-04,27,12,5667,4,4,4,12,Medium-Value Users,registered,
415,415.0,2012-10-08,84,11,5184,3,4,4,11,Medium-Value Users,registered,
416,416.0,2012-10-08,84,2,989,3,2,2,7,Low-Value Users,registered,
417,417.0,2012-10-05,87,13,6190,3,4,4,11,Medium-Value Users,registered,
418,418.0,2012-08-27,126,7,3350,2,3,3,8,Low-Value Users,registered,
419,419.0,2012-09-30,92,6,3359,3,3,3,9,Low-Value Users,registered,
420,420.0,2012-11-11,50,4,2265,3,3,3,9,Low-Value Users,registered,
421,421.0,2012-09-11,111,8,3918,2,3,4,9,Low-Value Users,registered,
422,422.0,2012-01-30,336,3,1321,2,2,2,6,Low-Value Users,registered,
423,423.0,2012-07-27,157,6,3040,2,3,3,8,Low-Value Users,registered,
424,424.0,2012-11-11,50,3,1638,3,2,2,7,Low-Value Users,registered,
425,425.0,2012-10-27,65,6,3039,3,3,3,9,Low-Value Users,registered,
426,426.0,2012-06-15,199,8,3852,2,3,4,9,Low-Value Users,registered,
427,427.0,2012-09-22,100,5,2649,3,3,3,9,Low-Value Users,registered,
428,428.0,2012-04-10,265,6,2890,2,3,3,8,Low-Value Users,registered,
429,429.0,2012-07-09,175,8,3895,2,3,4,9,Low-Value Users,registered,
430,430.0,2012-12-07,24,5,2395,4,3,3,10,Medium-Value Users,registered,
431,431.0,2012-07-03,181,3,1436,2,2,2,6,Low-Value Users,registered,
432,432.0,2012-12-14,17,9,4227,4,3,4,11,Medium-Value Users,registered,
433,433.0,2012-10-23,69,6,3307,3,3,3,9,Low-Value Users,registered,
434,434.0,2012-10-19,73,6,3387,3,3,4,10,Medium-Value Users,registered,
435,435.0,2012-10-13,79,6,3287,3,3,3,9,Low-Value Users,registered,
436,436.0,2012-10-20,72,8,4202,3,3,4,10,Medium-Value Users,registered,
437,437.0,2012-10-22,70,11,5597,3,4,4,11,Medium-Value Users,registered,
438,438.0,2012-07-24,160,5,2477,2,3,3,8,Low-Value Users,registered,
439,439.0,2012-10-21,71,3,1655,3,2,2,7,Low-Value Users,registered,
440,440.0,2012-07-19,165,4,1891,2,3,3,8,Low-Value Users,registered,
441,441.0,2012-10-20,72,4,2188,3,3,3,9,Low-Value Users,registered,
442,442.0,2012-05-08,237,7,3350,2,3,3,8,Low-Value Users,registered,
443,443.0,2012-09-22,100,5,2678,3,3,3,9,Low-Value Users,registered,
444,444.0,2012-12-03,28,6,2880,4,3,3,10,Medium-Value Users,registered,
445,445.0,2012-10-26,66,9,4851,3,3,4,10,Medium-Value Users,registered,
446,446.0,2012-12-13,18,4,2237,4,3,3,10,Medium-Value Users,registered,
447,447.0,2012-10-19,73,6,3208,3,3,3,9,Low-Value Users,registered,
448,448.0,2012-11-07,54,5,2671,3,3,3,9,Low-Value Users,registered,
449,449.0,2012-10-17,75,8,3883,3,3,4,10,Medium-Value Users,registered,
450,450.0,2012-12-20,11,6,3252,5,3,3,11,Medium-Value Users,registered,
451,451.0,2012-09-22,100,7,3668,3,3,4,10,Medium-Value Users,registered,
452,452.0,2012-08-02,151,5,2369,2,3,3,8,Low-Value Users,registered,
453,453.0,2012-11-05,56,9,4641,3,3,4,10,Medium-Value Users,registered,
454,454.0,2012-09-16,106,5,2847,2,3,3,8,Low-Value Users,registered,
455,455.0,2012-07-30,154,7,3462,2,3,4,9,Low-Value Users,registered,
456,456.0,2012-09-29,93,5,2959,3,3,3,9,Low-Value Users,registered,
457,457.0,2012-10-23,69,3,1547,3,2,2,7,Low-Value Users,registered,
458,458.0,2012-09-09,113,8,4127,2,3,4,9,Low-Value Users,registered,
459,459.0,2012-08-31,122,7,3477,2,3,4,9,Low-Value Users,registered,
460,460.0,2012-09-22,100,5,2817,3,3,3,9,Low-Value Users,registered,
461,461.0,2012-10-15,77,7,3539,3,3,4,10,Medium-Value Users,registered,
462,462.0,2012-07-03,181,6,3063,2,3,3,8,Low-Value Users,registered,
463,463.0,2012-08-23,130,6,3172,2,3,3,8,Low-Value Users,registered,
464,464.0,2012-12-21,10,6,3167,5,3,3,11,Medium-Value Users,registered,
465,465.0,2012-10-24,68,7,3531,3,3,4,10,Medium-Value Users,registered,
466,466.0,2011-08-05,514,2,1095,2,2,2,6,Low-Value Users,registered,
467,467.0,2012-10-17,75,9,4680,3,3,4,10,Medium-Value Users,registered,
468,468.0,2012-09-21,101,4,2154,3,3,3,9,Low-Value Users,registered,
469,469.0,2012-11-27,34,6,3158,4,3,3,10,Medium-Value Users,registered,
470,470.0,2012-10-01,91,6,3093,3,3,3,9,Low-Value Users,registered,
471,471.0,2012-10-18,74,5,2524,3,3,3,9,Low-Value Users,registered,
472,472.0,2012-07-18,166,7,3720,2,3,4,9,Low-Value Users,registered,
473,473.0,2012-12-07,24,8,4492,4,3,4,11,Medium-Value Users,registered,
474,474.0,2012-10-10,82,8,4473,3,3,4,10,Medium-Value Users,registered,
475,475.0,2012-05-18,227,4,2133,2,3,3,8,Low-Value Users,registered,
476,476.0,2011-05-20,591,1,517,2,2,2,6,Low-Value Users,registered,
477,477.0,2012-11-06,55,2,992,3,2,2,7,Low-Value Users,registered,
478,478.0,2012-12-17,14,9,4693,5,3,4,12,Medium-Value Users,registered,
479,479.0,2012-01-24,342,3,1579,2,2,2,6,Low-Value Users,registered,
480,480.0,2012-09-04,118,9,4750,2,3,4,9,Low-Value Users,registered,
481,481.0,2012-10-05,87,3,1629,3,2,2,7,Low-Value Users,registered,
482,483.0,2012-11-16,45,10,5543,4,4,4,12,Medium-Value Users,registered,
483,484.0,2012-06-28,186,8,4400,2,3,4,9,Low-Value Users,registered,
484,485.0,2011-06-03,577,2,1102,2,2,2,6,Low-Value Users,registered,
485,486.0,2012-11-12,49,9,4893,3,3,4,10,Medium-Value Users,registered,
486,487.0,2012-05-31,214,5,2751,2,3,3,8,Low-Value Users,registered,
487,488.0,2012-10-18,74,7,3871,3,3,4,10,Medium-Value Users,registered,
488,489.0,2012-11-30,31,9,4698,4,3,4,11,Medium-Value Users,registered,
489,490.0,2012-11-12,49,5,2718,3,3,3,9,Low-Value Users,registered,
490,491.0,2012-11-08,53,6,3577,3,3,4,10,Medium-Value Users,registered,
491,492.0,2012-07-31,153,7,3840,2,3,4,9,Low-Value Users,registered,
492,493.0,2012-12-17,14,4,2190,5,3,3,11,Medium-Value Users,registered,
493,494.0,2012-11-27,34,2,1009,4,2,2,8,Low-Value Users,registered,
494,495.0,2012-12-04,27,6,3188,4,3,3,10,Medium-Value Users,registered,
495,496.0,2012-09-23,99,4,2478,3,3,3,9,Low-Value Users,registered,
496,497.0,2012-10-25,67,5,2742,3,3,3,9,Low-Value Users,registered,
497,498.0,2012-10-10,82,6,3205,3,3,3,9,Low-Value Users,registered,
498,499.0,2012-08-27,126,3,1703,2,2,2,6,Low-Value Users,registered,
499,500.0,2012-08-21,132,4,2185,2,3,3,8,Low-Value Users,registered,
500,501.0,2012-11-07,54,4,2143,3,3,3,9,Low-Value Users,registered,
501,502.0,2012-11-26,35,4,2259,4,3,3,10,Medium-Value Users,registered,
502,503.0,2012-07-16,168,3,1710,2,2,2,6,Low-Value Users,registered,
503,504.0,2012-10-03,89,4,2113,3,3,3,9,Low-Value Users,registered,
504,505.0,2012-10-16,76,3,1613,3,2,2,7,Low-Value Users,registered,
505,506.0,2012-10-24,68,5,2770,3,3,3,9,Low-Value Users,registered,
506,507.0,2012-12-13,18,4,2297,4,3,3,10,Medium-Value Users,registered,
507,508.0,2012-06-25,189,4,2154,2,3,3,8,Low-Value Users,registered,
508,509.0,2012-08-02,151,5,2891,2,3,3,8,Low-Value Users,registered,
509,510.0,2012-09-09,113,5,3025,2,3,3,8,Low-Value Users,registered,
510,511.0,2012-09-27,95,3,1721,3,2,2,7,Low-Value Users,registered,
511,512.0,2012-12-18,13,4,2285,5,3,3,11,Medium-Value Users,registered,
512,513.0,2012-09-24,98,4,2283,3,3,3,9,Low-Value Users,registered,
513,514.0,2012-11-27,34,9,4922,4,3,4,11,Medium-Value Users,registered,
514,515.0,2012-12-12,19,4,2298,4,3,3,10,Medium-Value Users,registered,
515,516.0,2012-04-19,256,5,2831,2,3,3,8,Low-Value Users,registered,
516,517.0,2012-02-27,308,4,2303,2,3,3,8,Low-Value Users,registered,
517,518.0,2012-05-11,234,2,1155,2,2,2,6,Low-Value Users,registered,
518,519.0,2012-10-23,69,2,1152,3,2,2,7,Low-Value Users,registered,
519,520.0,2012-11-29,32,1,537,4,2,2,8,Low-Value Users,registered,
520,521.0,2011-05-17,594,1,604,2,2,2,6,Low-Value Users,registered,
521,522.0,2012-10-24,68,3,1723,3,2,2,7,Low-Value Users,registered,
522,523.0,2012-12-11,20,7,4079,4,3,4,11,Medium-Value Users,registered,
523,524.0,2012-08-22,131,4,2386,2,3,3,8,Low-Value Users,registered,
524,525.0,2012-08-15,138,4,2448,2,3,3,8,Low-Value Users,registered,
525,526.0,2012-09-23,99,1,776,3,2,2,7,Low-Value Users,registered,
526,527.0,2012-04-11,264,5,2980,2,3,3,8,Low-Value Users,registered,
527,529.0,2012-09-19,103,4,2411,2,3,3,8,Low-Value Users,registered,
528,530.0,2012-11-28,33,3,1723,4,2,2,8,Low-Value Users,registered,
529,531.0,2012-08-29,124,4,2293,2,3,3,8,Low-Value Users,registered,
530,532.0,2012-08-30,123,5,3079,2,3,3,8,Low-Value Users,registered,
531,533.0,2012-12-18,13,5,2928,5,3,3,11,Medium-Value Users,registered,
532,534.0,2012-11-20,41,7,4089,4,3,4,11,Medium-Value Users,registered,
533,535.0,2012-06-21,193,1,615,2,2,2,6,Low-Value Users,registered,
534,536.0,2012-12-19,12,2,1155,5,2,2,9,Low-Value Users,registered,
535,537.0,2012-08-23,130,4,2397,2,3,3,8,Low-Value Users,registered,
536,538.0,2012-05-01,244,1,557,2,2,2,6,Low-Value Users,registered,
537,539.0,2012-12-07,24,7,4027,4,3,4,11,Medium-Value Users,registered,
538,540.0,2012-12-12,19,7,4085,4,3,4,11,Medium-Value Users,registered,
539,541.0,2012-11-15,46,1,563,3,2,2,7,Low-Value Users,registered,
540,542.0,2012-12-06,25,4,2449,4,3,3,10,Medium-Value Users,registered,
541,543.0,2012-11-14,47,4,2375,3,3,3,9,Low-Value Users,registered,
542,544.0,2012-12-10,21,3,1718,4,2,2,8,Low-Value Users,registered,
543,545.0,2012-03-08,298,2,1187,2,2,2,6,Low-Value Users,registered,
544,546.0,2012-12-19,12,4,2275,5,3,3,11,Medium-Value Users,registered,
545,547.0,2012-05-04,241,3,1817,2,2,3,7,Low-Value Users,registered,
546,548.0,2012-07-02,182,2,1239,2,2,2,6,Low-Value Users,registered,
547,549.0,2012-09-13,109,5,2961,2,3,3,8,Low-Value Users,registered,
548,551.0,2012-11-30,31,5,2987,4,3,3,10,Medium-Value Users,registered,
549,552.0,2012-08-10,143,1,640,2,2,2,6,Low-Value Users,registered,
550,553.0,2012-11-20,41,3,1804,4,2,3,9,Low-Value Users,registered,
551,554.0,2012-06-04,210,3,1823,2,2,3,7,Low-Value Users,registered,
552,555.0,2012-06-25,189,3,1839,2,2,3,7,Low-Value Users,registered,
553,556.0,2012-11-08,53,2,1176,3,2,2,7,Low-Value Users,registered,
554,557.0,2012-09-12,110,3,1864,2,2,3,7,Low-Value Users,registered,
555,558.0,2012-08-16,137,2,1345,2,2,2,6,Low-Value Users,registered,
556,559.0,2012-11-19,42,1,580,4,2,2,8,Low-Value Users,registered,
557,560.0,2012-07-11,173,2,1287,2,2,2,6,Low-Value Users,registered,
558,561.0,2012-08-17,136,2,1279,2,2,2,6,Low-Value Users,registered,
559,562.0,2012-09-10,112,2,1273,2,2,2,6,Low-Value Users,registered,
560,563.0,2012-11-15,46,3,1742,3,2,3,8,Low-Value Users,registered,
561,564.0,2012-11-14,47,5,3160,3,3,3,9,Low-Value Users,registered,
562,565.0,2012-04-26,249,2,1246,2,2,2,6,Low-Value Users,registered,
563,566.0,2012-10-12,80,1,642,3,2,2,7,Low-Value Users,registered,
564,567.0,2012-08-08,145,4,2471,2,3,3,8,Low-Value Users,registered,
565,568.0,2012-11-06,55,1,588,3,2,2,7,Low-Value Users,registered,
566,570.0,2012-05-22,223,2,1259,2,2,2,6,Low-Value Users,registered,
567,571.0,2012-10-01,91,2,1206,3,2,2,7,Low-Value Users,registered,
568,572.0,2012-09-11,111,2,1289,2,2,2,6,Low-Value Users,registered,
569,573.0,2012-08-03,150,2,1256,2,2,2,6,Low-Value Users,registered,
570,575.0,2012-12-10,21,4,2473,4,3,3,10,Medium-Value Users,registered,
571,576.0,2012-12-05,26,3,1952,4,2,3,9,Low-Value Users,registered,
572,577.0,2012-06-28,186,3,1865,2,2,3,7,Low-Value Users,registered,
573,578.0,2012-12-10,21,2,1221,4,2,2,8,Low-Value Users,registered,
574,579.0,2012-05-11,234,3,1810,2,2,3,7,Low-Value Users,registered,
575,580.0,2012-12-11,20,5,3126,4,3,3,10,Medium-Value Users,registered,
576,581.0,2012-11-02,59,2,1233,3,2,2,7,Low-Value Users,registered,
577,582.0,2012-12-17,14,3,1912,5,2,3,10,Medium-Value Users,registered,
578,583.0,2012-11-07,54,1,601,3,2,2,7,Low-Value Users,registered,
579,584.0,2012-10-26,66,3,1948,3,2,3,8,Low-Value Users,registered,
580,585.0,2012-12-20,11,1,599,5,2,2,9,Low-Value Users,registered,
581,586.0,2012-12-06,25,3,1882,4,2,3,9,Low-Value Users,registered,
582,588.0,2012-05-29,216,1,634,2,2,2,6,Low-Value Users,registered,
583,589.0,2012-09-26,96,3,1967,3,2,3,8,Low-Value Users,registered,
584,591.0,2012-08-14,139,2,1290,2,2,2,6,Low-Value Users,registered,
585,592.0,2012-08-22,131,1,683,2,2,2,6,Low-Value Users,registered,
586,593.0,2012-11-09,52,2,1484,3,2,2,7,Low-Value Users,registered,
587,594.0,2012-09-13,109,3,1980,2,2,3,7,Low-Value Users,registered,
588,595.0,2012-06-18,196,2,1259,2,2,2,6,Low-Value Users,registered,
589,596.0,2012-06-12,202,2,1309,2,2,2,6,Low-Value Users,registered,
590,597.0,2012-11-06,55,2,1324,3,2,2,7,Low-Value Users,registered,
591,598.0,2012-09-05,117,5,3304,2,3,3,8,Low-Value Users,registered,
592,599.0,2012-04-24,251,2,1275,2,2,2,6,Low-Value Users,registered,
593,600.0,2012-06-20,194,1,643,2,2,2,6,Low-Value Users,registered,
594,601.0,2012-04-16,259,2,1441,2,2,2,6,Low-Value Users,registered,
595,602.0,2012-05-07,238,2,1303,2,2,2,6,Low-Value Users,registered,
596,603.0,2012-05-15,230,2,1308,2,2,2,6,Low-Value Users,registered,
597,604.0,2012-11-05,56,3,1908,3,2,3,8,Low-Value Users,registered,
598,605.0,2012-05-17,228,2,1275,2,2,2,6,Low-Value Users,registered,
599,608.0,2012-05-07,238,2,1266,2,2,2,6,Low-Value Users,registered,
600,609.0,2012-09-28,94,2,1320,3,2,2,7,Low-Value Users,registered,
601,610.0,2012-04-05,270,1,638,2,2,2,6,Low-Value Users,registered,
602,611.0,2012-06-20,194,2,1355,2,2,2,6,Low-Value Users,registered,
603,613.0,2012-06-11,203,2,1353,2,2,2,6,Low-Value Users,registered,
604,614.0,2012-03-13,293,1,676,2,2,2,6,Low-Value Users,registered,
605,615.0,2012-10-31,61,5,3341,3,3,3,9,Low-Value Users,registered,
606,616.0,2012-05-01,244,2,1410,2,2,2,6,Low-Value Users,registered,
607,617.0,2012-09-04,118,4,2669,2,3,3,8,Low-Value Users,registered,
608,618.0,2012-08-20,133,3,2014,2,2,3,7,Low-Value Users,registered,
609,619.0,2012-08-10,143,3,2088,2,2,3,7,Low-Value Users,registered,
610,620.0,2012-07-20,164,3,2140,2,2,3,7,Low-Value Users,registered,
611,621.0,2012-04-13,262,1,738,2,2,2,6,Low-Value Users,registered,
612,622.0,2012-09-06,116,2,1302,2,2,2,6,Low-Value Users,registered,
613,623.0,2012-12-14,17,2,1348,4,2,2,8,Low-Value Users,registered,
614,624.0,2012-07-18,166,1,679,2,2,2,6,Low-Value Users,registered,
615,625.0,2012-11-15,46,5,3309,3,3,3,9,Low-Value Users,registered,
616,626.0,2012-04-10,265,1,704,2,2,2,6,Low-Value Users,registered,
617,627.0,2012-08-24,129,2,1515,2,2,2,6,Low-Value Users,registered,
618,628.0,2012-11-01,60,5,3424,3,3,4,10,Medium-Value Users,registered,
619,629.0,2012-11-26,35,3,1991,4,2,3,9,Low-Value Users,registered,
620,631.0,2012-04-17,258,1,673,2,2,2,6,Low-Value Users,registered,
621,632.0,2012-05-29,216,1,710,2,2,2,6,Low-Value Users,registered,
622,633.0,2012-06-19,195,1,673,2,2,2,6,Low-Value Users,registered,
623,634.0,2012-06-28,186,5,3581,2,3,4,9,Low-Value Users,registered,
624,636.0,2012-08-03,150,1,668,2,2,2,6,Low-Value Users,registered,
625,637.0,2012-06-06,208,1,668,2,2,2,6,Low-Value Users,registered,
626,638.0,2012-06-27,187,2,1421,2,2,2,6,Low-Value Users,registered,
627,639.0,2012-10-02,90,2,1345,3,2,2,7,Low-Value Users,registered,
628,640.0,2012-09-18,104,4,2799,2,3,3,8,Low-Value Users,registered,
629,641.0,2012-05-08,237,1,710,2,2,2,6,Low-Value Users,registered,
630,642.0,2012-08-15,138,6,4267,2,3,4,9,Low-Value Users,registered,
631,643.0,2012-06-04,210,1,665,2,2,2,6,Low-Value Users,registered,
632,644.0,2012-07-11,173,1,674,2,2,2,6,Low-Value Users,registered,
633,645.0,2012-04-04,271,1,744,2,2,2,6,Low-Value Users,registered,
634,646.0,2012-12-06,25,3,2159,4,2,3,9,Low-Value Users,registered,
635,647.0,2012-09-17,105,3,2223,2,2,3,7,Low-Value Users,registered,
636,648.0,2012-08-13,140,3,2151,2,2,3,7,Low-Value Users,registered,
637,649.0,2012-11-20,41,4,2737,4,3,3,10,Medium-Value Users,registered,
638,650.0,2012-11-19,42,1,663,4,2,2,8,Low-Value Users,registered,
639,651.0,2012-04-19,256,1,677,2,2,2,6,Low-Value Users,registered,
640,652.0,2012-12-18,13,5,3434,5,3,4,12,Medium-Value Users,registered,
641,653.0,2012-07-12,172,2,1386,2,2,2,6,Low-Value Users,registered,
642,654.0,2012-08-31,122,2,1491,2,2,2,6,Low-Value Users,registered,
643,655.0,2012-12-13,18,2,1440,4,2,2,8,Low-Value Users,registered,
644,656.0,2012-11-02,59,3,2241,3,2,3,8,Low-Value Users,registered,
645,658.0,2012-07-02,182,1,730,2,2,2,6,Low-Value Users,registered,
646,659.0,2012-05-24,221,2,1421,2,2,2,6,Low-Value Users,registered,
647,660.0,2012-07-13,171,1,713,2,2,2,6,Low-Value Users,registered,
648,661.0,2012-06-07,207,3,2251,2,2,3,7,Low-Value Users,registered,
649,662.0,2012-10-11,81,3,2193,3,2,3,8,Low-Value Users,registered,
650,663.0,2012-06-08,206,2,1448,2,2,2,6,Low-Value Users,registered,
651,664.0,2012-11-29,32,4,2807,4,3,3,10,Medium-Value Users,registered,
652,665.0,2012-12-19,12,5,3667,5,3,4,12,Medium-Value Users,registered,
653,666.0,2012-12-03,28,1,692,4,2,2,8,Low-Value Users,registered,
654,667.0,2012-05-07,238,1,769,2,2,2,6,Low-Value Users,registered,
655,668.0,2012-11-09,52,4,2766,3,3,3,9,Low-Value Users,registered,
656,669.0,2012-07-16,168,2,1478,2,2,2,6,Low-Value Users,registered,
657,670.0,2012-12-12,19,6,4318,4,3,4,11,Medium-Value Users,registered,
658,672.0,2012-07-23,161,2,1454,2,2,2,6,Low-Value Users,registered,
659,673.0,2012-04-17,258,1,781,2,2,2,6,Low-Value Users,registered,
660,674.0,2012-09-28,94,2,1486,3,2,2,7,Low-Value Users,registered,
661,675.0,2012-07-17,167,3,2157,2,2,3,7,Low-Value Users,registered,
662,677.0,2012-10-02,90,4,3092,3,3,3,9,Low-Value Users,registered,
663,678.0,2012-07-19,165,2,1569,2,2,2,6,Low-Value Users,registered,
664,679.0,2012-06-08,206,2,1583,2,2,2,6,Low-Value Users,registered,
665,680.0,2012-07-26,158,2,1439,2,2,2,6,Low-Value Users,registered,
666,681.0,2012-08-02,151,3,2287,2,2,3,7,Low-Value Users,registered,
667,682.0,2012-06-14,200,1,719,2,2,2,6,Low-Value Users,registered,
668,683.0,2012-11-28,33,1,692,4,2,2,8,Low-Value Users,registered,
669,684.0,2012-10-31,61,3,2272,3,2,3,8,Low-Value Users,registered,
670,688.0,2012-06-06,208,2,1594,2,2,2,6,Low-Value Users,registered,
671,689.0,2012-08-08,145,1,737,2,2,2,6,Low-Value Users,registered,
672,690.0,2012-09-07,115,1,719,2,2,2,6,Low-Value Users,registered,
673,691.0,2012-07-23,161,2,1529,2,2,2,6,Low-Value Users,registered,
674,692.0,2012-10-26,66,3,2350,3,2,3,8,Low-Value Users,registered,
675,693.0,2012-12-04,27,3,2500,4,2,3,9,Low-Value Users,registered,
676,694.0,2012-11-16,45,2,1454,4,2,2,8,Low-Value Users,registered,
677,695.0,2012-08-24,129,1,812,2,2,2,6,Low-Value Users,registered,
678,696.0,2012-10-22,70,3,2196,3,2,3,8,Low-Value Users,registered,
679,697.0,2012-09-10,112,5,3970,2,3,4,9,Low-Value Users,registered,
680,698.0,2012-10-09,83,2,1536,3,2,2,7,Low-Value Users,registered,
681,699.0,2012-09-21,101,2,1615,3,2,2,7,Low-Value Users,registered,
682,700.0,2012-12-04,27,3,2249,4,2,3,9,Low-Value Users,registered,
683,701.0,2012-08-30,123,1,754,2,2,2,6,Low-Value Users,registered,
684,702.0,2012-09-11,111,1,750,2,2,2,6,Low-Value Users,registered,
685,703.0,2012-08-24,129,3,2297,2,2,3,7,Low-Value Users,registered,
686,704.0,2012-07-12,172,2,1590,2,2,2,6,Low-Value Users,registered,
687,706.0,2012-10-12,80,1,837,3,2,2,7,Low-Value Users,registered,
688,707.0,2012-09-28,94,1,808,3,2,2,7,Low-Value Users,registered,
689,708.0,2012-12-11,20,2,1498,4,2,2,8,Low-Value Users,registered,
690,709.0,2012-11-30,31,4,3146,4,3,3,10,Medium-Value Users,registered,
691,711.0,2012-10-12,80,4,3080,3,3,3,9,Low-Value Users,registered,
692,712.0,2012-12-03,28,2,1503,4,2,2,8,Low-Value Users,registered,
693,713.0,2012-10-15,77,1,737,3,2,2,7,Low-Value Users,registered,
694,714.0,2012-10-26,66,1,734,3,2,2,7,Low-Value Users,registered,
695,715.0,2012-09-14,108,2,1566,2,2,2,6,Low-Value Users,registered,
696,716.0,2012-08-13,140,3,2426,2,2,3,7,Low-Value Users,registered,
697,718.0,2012-08-02,151,1,739,2,2,2,6,Low-Value Users,registered,
698,719.0,2012-09-24,98,5,4052,3,3,4,10,Medium-Value Users,registered,
699,720.0,2012-10-18,74,2,1539,3,2,2,7,Low-Value Users,registered,
700,723.0,2012-08-16,137,1,832,2,2,2,6,Low-Value Users,registered,
701,725.0,2012-09-13,109,2,1569,2,2,2,6,Low-Value Users,registered,
702,726.0,2012-10-22,70,5,4009,3,3,4,10,Medium-Value Users,registered,
703,727.0,2012-09-12,110,1,770,2,2,2,6,Low-Value Users,registered,
704,730.0,2012-07-31,153,2,1603,2,2,2,6,Low-Value Users,registered,
705,732.0,2012-10-25,67,1,809,3,2,2,7,Low-Value Users,registered,
706,733.0,2012-10-23,69,4,3212,3,3,3,9,Low-Value Users,registered,
707,734.0,2012-08-14,139,3,2517,2,2,3,7,Low-Value Users,registered,
708,735.0,2012-07-30,154,2,1626,2,2,2,6,Low-Value Users,registered,
709,736.0,2012-08-28,125,1,818,2,2,2,6,Low-Value Users,registered,
710,737.0,2012-12-05,26,2,1586,4,2,2,8,Low-Value Users,registered,
711,739.0,2012-09-21,101,2,1671,3,2,2,7,Low-Value Users,registered,
712,740.0,2012-09-17,105,2,1672,2,2,2,6,Low-Value Users,registered,
713,741.0,2012-09-06,116,2,1657,2,2,2,6,Low-Value Users,registered,
714,742.0,2012-10-05,87,2,1727,3,2,2,7,Low-Value Users,registered,
715,743.0,2012-08-07,146,2,1711,2,2,2,6,Low-Value Users,registered,
716,744.0,2012-10-01,91,5,4205,3,3,4,10,Medium-Value Users,registered,
717,745.0,2012-09-04,118,3,2489,2,2,3,7,Low-Value Users,registered,
718,746.0,2012-10-25,67,5,4079,3,3,4,10,Medium-Value Users,registered,
719,749.0,2012-10-05,87,4,3301,3,3,3,9,Low-Value Users,registered,
720,750.0,2012-06-14,200,1,867,2,2,2,6,Low-Value Users,registered,
721,751.0,2012-08-30,123,3,2536,2,2,3,7,Low-Value Users,registered,
722,756.0,2012-10-03,89,2,1649,3,2,2,7,Low-Value Users,registered,
723,757.0,2012-09-14,108,4,3420,2,3,4,9,Low-Value Users,registered,
724,758.0,2012-10-09,83,5,4113,3,3,4,10,Medium-Value Users,registered,
725,760.0,2012-07-23,161,1,847,2,2,2,6,Low-Value Users,registered,
726,761.0,2012-09-06,116,1,835,2,2,2,6,Low-Value Users,registered,
727,762.0,2012-10-23,69,2,1696,3,2,2,7,Low-Value Users,registered,
728,764.0,2012-09-25,97,2,1655,3,2,2,7,Low-Value Users,registered,
729,765.0,2012-07-30,154,1,827,2,2,2,6,Low-Value Users,registered,
730,766.0,2012-10-17,75,1,888,3,2,2,7,Low-Value Users,registered,
731,767.0,2012-10-16,76,4,3489,3,3,4,10,Medium-Value Users,registered,
732,768.0,2012-08-15,138,1,848,2,2,2,6,Low-Value Users,registered,
733,769.0,2012-07-10,174,2,1745,2,2,3,7,Low-Value Users,registered,
734,770.0,2012-05-02,243,1,813,2,2,2,6,Low-Value Users,registered,
735,773.0,2012-10-11,81,1,798,3,2,2,7,Low-Value Users,registered,
736,774.0,2012-10-25,67,3,2544,3,2,3,8,Low-Value Users,registered,
737,775.0,2012-08-02,151,2,1734,2,2,3,7,Low-Value Users,registered,
738,777.0,2012-10-24,68,1,801,3,2,2,7,Low-Value Users,registered,
739,778.0,2012-06-07,207,1,869,2,2,2,6,Low-Value Users,registered,
740,779.0,2012-10-17,75,1,817,3,2,2,7,Low-Value Users,registered,
741,780.0,2012-09-05,117,2,1671,2,2,2,6,Low-Value Users,registered,
742,781.0,2012-10-03,89,2,1709,3,2,2,7,Low-Value Users,registered,
743,782.0,2012-06-13,201,1,857,2,2,2,6,Low-Value Users,registered,
744,783.0,2012-07-25,159,1,913,2,2,2,6,Low-Value Users,registered,
745,786.0,2012-08-21,132,2,1769,2,2,3,7,Low-Value Users,registered,
746,787.0,2012-10-10,82,3,2619,3,2,3,8,Low-Value Users,registered,
747,788.0,2012-10-18,74,1,890,3,2,2,7,Low-Value Users,registered,
748,789.0,2012-10-04,88,1,901,3,2,2,7,Low-Value Users,registered,
749,790.0,2012-07-09,175,1,872,2,2,2,6,Low-Value Users,registered,
750,791.0,2012-10-01,91,1,856,3,2,2,7,Low-Value Users,registered,
751,794.0,2012-10-17,75,1,884,3,2,2,7,Low-Value Users,registered,
752,795.0,2012-10-24,68,1,858,3,2,2,7,Low-Value Users,registered,
753,796.0,2012-06-26,188,1,900,2,2,2,6,Low-Value Users,registered,
754,800.0,2012-10-16,76,1,835,3,2,2,7,Low-Value Users,registered,
755,802.0,2012-09-11,111,1,970,2,2,2,6,Low-Value Users,registered,
756,803.0,2012-10-18,74,1,834,3,2,2,7,Low-Value Users,registered,
757,806.0,2012-10-10,82,1,839,3,2,2,7,Low-Value Users,registered,
758,807.0,2012-09-19,103,1,892,2,2,2,6,Low-Value Users,registered,
759,808.0,2012-09-26,96,1,838,3,2,2,7,Low-Value Users,registered,
760,809.0,2012-09-24,98,1,898,3,2,2,7,Low-Value Users,registered,
761,810.0,2012-08-20,133,1,893,2,2,2,6,Low-Value Users,registered,
762,811.0,2012-09-12,110,2,1866,2,2,3,7,Low-Value Users,registered,
763,812.0,2012-10-04,88,2,1773,3,2,3,8,Low-Value Users,registered,
764,815.0,2012-09-26,96,1,884,3,2,2,7,Low-Value Users,registered,
765,818.0,2012-09-27,95,1,905,3,2,2,7,Low-Value Users,registered,
766,822.0,2012-09-27,95,1,899,3,2,2,7,Low-Value Users,registered,
767,833.0,2012-10-03,89,1,917,3,2,2,7,Low-Value Users,registered,
768,838.0,2012-10-22,70,1,922,3,2,2,7,Low-Value Users,registered,
769,839.0,2012-10-16,76,1,943,3,2,2,7,Low-Value Users,registered,
770,857.0,2012-10-10,82,2,1916,3,2,3,8,Low-Value Users,registered,
771,860.0,2012-09-25,97,1,967,3,2,2,7,Low-Value Users,registered,
772,871.0,2012-10-23,69,1,938,3,2,2,7,Low-Value Users,registered,
773,876.0,2012-10-24,68,2,1916,3,2,3,8,Low-Value Users,registered,
774,885.0,2012-09-20,102,1,976,2,2,2,6,Low-Value Users,registered,
775,886.0,2012-09-12,110,1,977,2,2,2,6,Low-Value Users,registered,
0,,2012-12-31,0,1581,20920,5,5,5,15,High-Value Users,casual,0.0
1,,2012-12-30,1,1082,27181,5,5,5,15,High-Value Users,casual,1.0
2,,2012-12-31,0,798,29764,5,5,5,15,High-Value Users,casual,2.0
3,,2012-12-31,0,697,38656,5,5,5,15,High-Value Users,casual,3.0
4,,2012-12-31,0,561,37314,5,5,5,15,High-Value Users,casual,4.0
5,,2012-12-30,1,509,38820,5,5,5,15,High-Value Users,casual,5.0
6,,2012-12-31,0,448,39289,5,5,5,15,High-Value Users,casual,6.0
7,,2012-12-31,0,405,39944,5,5,5,15,High-Value Users,casual,7.0
8,,2012-12-31,0,377,41477,5,5,5,15,High-Value Users,casual,8.0
9,,2012-12-31,0,348,43557,5,5,5,15,High-Value Users,casual,9.0
10,,2012-12-31,0,317,39355,5,5,5,15,High-Value Users,casual,10.0
11,,2012-12-31,0,315,46292,5,5,5,15,High-Value Users,casual,11.0
12,,2012-12-31,0,299,44538,5,5,5,15,High-Value Users,casual,12.0
13,,2012-12-31,0,258,41463,5,5,5,15,High-Value Users,casual,13.0
14,,2012-12-31,0,233,36968,5,5,5,15,High-Value Users,casual,14.0
15,,2012-12-28,3,225,38359,5,5,5,15,High-Value Users,casual,15.0
16,,2012-12-30,1,218,39369,5,5,5,15,High-Value Users,casual,16.0
17,,2012-12-28,3,219,40919,5,5,5,15,High-Value Users,casual,17.0
18,,2012-12-29,2,212,36174,5,5,5,15,High-Value Users,casual,18.0
19,,2012-12-29,2,206,38125,5,5,5,15,High-Value Users,casual,19.0
20,,2012-12-25,6,189,42433,5,5,5,15,High-Value Users,casual,20.0
21,,2012-12-24,7,173,35386,5,5,5,15,High-Value Users,casual,21.0
22,,2012-12-29,2,152,30269,5,5,5,15,High-Value Users,casual,22.0
23,,2012-12-27,4,151,30295,5,5,5,15,High-Value Users,casual,23.0
24,,2012-12-21,10,155,32939,5,5,5,15,High-Value Users,casual,24.0
25,,2012-12-27,4,158,34471,5,5,5,15,High-Value Users,casual,25.0
26,,2012-12-30,1,147,32834,5,5,5,15,High-Value Users,casual,26.0
27,,2012-12-03,28,193,42713,4,5,5,14,High-Value Users,casual,27.0
28,,2012-12-21,10,152,36724,5,5,5,15,High-Value Users,casual,28.0
29,,2012-12-22,9,147,33122,5,5,5,15,High-Value Users,casual,29.0
30,,2012-12-31,0,146,33211,5,5,5,15,High-Value Users,casual,30.0
31,,2012-12-30,1,164,41770,5,5,5,15,High-Value Users,casual,31.0
32,,2012-12-15,16,117,26929,4,5,5,14,High-Value Users,casual,32.0
33,,2012-12-31,0,155,38495,5,5,5,15,High-Value Users,casual,33.0
34,,2012-12-12,19,131,30861,4,5,5,14,High-Value Users,casual,34.0
35,,2012-12-15,16,107,25240,4,5,5,14,High-Value Users,casual,35.0
36,,2012-12-07,24,111,26535,4,5,5,14,High-Value Users,casual,36.0
37,,2012-12-30,1,111,25142,5,5,5,15,High-Value Users,casual,37.0
38,,2012-12-31,0,105,26336,5,5,5,15,High-Value Users,casual,38.0
39,,2012-12-30,1,105,26786,5,5,5,15,High-Value Users,casual,39.0
40,,2012-12-18,13,125,32154,5,5,5,15,High-Value Users,casual,40.0
41,,2012-12-13,18,107,28468,4,5,5,14,High-Value Users,casual,41.0
42,,2012-12-28,3,113,26913,5,5,5,15,High-Value Users,casual,42.0
43,,2012-12-31,0,79,21200,5,5,5,15,High-Value Users,casual,43.0
44,,2012-12-04,27,93,23302,4,5,5,14,High-Value Users,casual,44.0
45,,2012-12-14,17,89,23925,4,5,5,14,High-Value Users,casual,45.0
46,,2012-12-20,11,80,19925,5,5,5,15,High-Value Users,casual,46.0
47,,2012-12-30,1,93,23310,5,5,5,15,High-Value Users,casual,47.0
48,,2012-12-25,6,90,24273,5,5,5,15,High-Value Users,casual,48.0
49,,2012-12-30,1,98,28453,5,5,5,15,High-Value Users,casual,49.0
50,,2012-12-16,15,87,26273,5,5,5,15,High-Value Users,casual,50.0
51,,2012-12-25,6,87,22885,5,5,5,15,High-Value Users,casual,51.0
52,,2012-12-31,0,78,21280,5,5,5,15,High-Value Users,casual,52.0
53,,2012-12-23,8,85,22299,5,5,5,15,High-Value Users,casual,53.0
54,,2012-11-11,50,78,22350,3,5,5,13,High-Value Users,casual,54.0
55,,2012-11-24,37,94,26268,4,5,5,14,High-Value Users,casual,55.0
56,,2012-12-18,13,83,24895,5,5,5,15,High-Value Users,casual,56.0
57,,2012-12-23,8,73,21378,5,5,5,15,High-Value Users,casual,57.0
58,,2012-12-25,6,68,18813,5,5,5,15,High-Value Users,casual,58.0
59,,2012-12-02,29,72,21028,4,5,5,14,High-Value Users,casual,59.0
60,,2012-12-09,22,69,20965,4,5,5,14,High-Value Users,casual,60.0
61,,2012-11-20,41,80,22992,4,5,5,14,High-Value Users,casual,61.0
62,,2012-12-31,0,68,19759,5,5,5,15,High-Value Users,casual,62.0
63,,2012-12-23,8,75,22557,5,5,5,15,High-Value Users,casual,63.0
64,,2012-11-24,37,55,18982,4,5,5,14,High-Value Users,casual,64.0
65,,2012-12-09,22,58,19303,4,5,5,14,High-Value Users,casual,65.0
66,,2012-12-16,15,69,21881,5,5,5,15,High-Value Users,casual,66.0
67,,2012-12-16,15,61,21064,5,5,5,15,High-Value Users,casual,67.0
68,,2012-11-21,40,64,22313,4,5,5,14,High-Value Users,casual,68.0
69,,2012-12-31,0,74,24188,5,5,5,15,High-Value Users,casual,69.0
70,,2012-11-21,40,57,20703,4,5,5,14,High-Value Users,casual,70.0
71,,2012-12-28,3,54,17901,5,5,5,15,High-Value Users,casual,71.0
72,,2012-12-28,3,58,21284,5,5,5,15,High-Value Users,casual,72.0
73,,2012-11-04,57,50,16641,3,5,5,13,High-Value Users,casual,73.0
74,,2012-12-28,3,61,19953,5,5,5,15,High-Value Users,casual,74.0
75,,2012-12-25,6,50,17800,5,5,5,15,High-Value Users,casual,75.0
76,,2012-12-28,3,50,17336,5,5,5,15,High-Value Users,casual,76.0
77,,2012-12-28,3,57,20712,5,5,5,15,High-Value Users,casual,77.0
78,,2012-11-09,52,57,21305,3,5,5,13,High-Value Users,casual,78.0
79,,2012-11-18,43,51,18481,4,5,5,14,High-Value Users,casual,79.0
80,,2012-11-17,44,47,18454,4,5,5,14,High-Value Users,casual,80.0
81,,2012-12-03,28,37,13671,4,5,5,14,High-Value Users,casual,81.0
82,,2012-11-12,49,38,14382,3,5,5,13,High-Value Users,casual,82.0
83,,2012-09-28,94,40,17346,3,5,5,13,High-Value Users,casual,83.0
84,,2012-12-28,3,36,13596,5,4,5,14,High-Value Users,casual,84.0
85,,2012-12-15,16,42,17822,4,5,5,14,High-Value Users,casual,85.0
86,,2012-11-10,51,33,14213,3,4,5,12,Medium-Value Users,casual,86.0
87,,2012-11-23,38,32,13859,4,4,5,13,High-Value Users,casual,87.0
88,,2012-12-15,16,50,18675,4,5,5,14,High-Value Users,casual,88.0
89,,2012-12-15,16,34,13690,4,4,5,13,High-Value Users,casual,89.0
90,,2012-10-26,66,35,15518,3,4,5,12,Medium-Value Users,casual,90.0
91,,2012-10-10,82,40,17784,3,5,5,13,High-Value Users,casual,91.0
92,,2012-12-15,16,21,7639,4,4,5,13,High-Value Users,casual,92.0
93,,2012-10-19,73,24,10188,3,4,5,12,Medium-Value Users,casual,93.0
94,,2012-11-11,50,34,13896,3,4,5,12,Medium-Value Users,casual,94.0
95,,2012-12-15,16,24,11148,4,4,5,13,High-Value Users,casual,95.0
96,,2012-10-18,74,27,11039,3,4,5,12,Medium-Value Users,casual,96.0
97,,2012-09-13,109,27,10757,2,4,5,11,Medium-Value Users,casual,97.0
98,,2012-10-28,64,29,11452,3,4,5,12,Medium-Value Users,casual,98.0
99,,2012-10-26,66,26,10529,3,4,5,12,Medium-Value Users,casual,99.0
100,,2012-10-07,85,23,9502,3,4,5,12,Medium-Value Users,casual,100.0
101,,2012-11-22,39,28,11678,4,4,5,13,High-Value Users,casual,101.0
102,,2012-11-12,49,31,14518,3,4,5,12,Medium-Value Users,casual,102.0
103,,2012-11-10,51,18,8921,3,4,5,12,Medium-Value Users,casual,103.0
104,,2012-10-16,76,24,11638,3,4,5,12,Medium-Value Users,casual,104.0
105,,2012-11-12,49,21,9470,3,4,5,12,Medium-Value Users,casual,105.0
106,,2012-12-02,29,16,7637,4,4,5,13,High-Value Users,casual,106.0
107,,2012-09-25,97,20,9289,3,4,5,12,Medium-Value Users,casual,107.0
108,,2012-11-12,49,30,13762,3,4,5,12,Medium-Value Users,casual,108.0
109,,2012-10-12,80,27,11849,3,4,5,12,Medium-Value Users,casual,109.0
110,,2012-12-01,30,22,10273,4,4,5,13,High-Value Users,casual,110.0
111,,2012-12-02,29,25,11978,4,4,5,13,High-Value Users,casual,111.0
112,,2012-11-12,49,19,8373,3,4,5,12,Medium-Value Users,casual,112.0
113,,2012-12-01,30,23,9469,4,4,5,13,High-Value Users,casual,113.0
114,,2012-09-12,110,17,7443,2,4,5,11,Medium-Value Users,casual,114.0
115,,2012-09-10,112,15,5120,2,4,4,10,Medium-Value Users,casual,115.0
116,,2012-09-14,108,13,5437,2,4,4,10,Medium-Value Users,casual,116.0
117,,2012-11-23,38,19,9208,4,4,5,13,High-Value Users,casual,117.0
118,,2012-10-28,64,13,4854,3,4,4,11,Medium-Value Users,casual,118.0
119,,2012-12-01,30,15,7353,4,4,5,13,High-Value Users,casual,119.0
120,,2012-10-28,64,26,10297,3,4,5,12,Medium-Value Users,casual,120.0
121,,2012-11-23,38,16,6000,4,4,4,12,Medium-Value Users,casual,121.0
122,,2012-12-08,23,17,7218,4,4,5,13,High-Value Users,casual,122.0
123,,2012-12-01,30,12,5103,4,4,4,12,Medium-Value Users,casual,123.0
124,,2012-10-28,64,12,5240,3,4,4,11,Medium-Value Users,casual,124.0
125,,2012-11-22,39,18,7833,4,4,5,13,High-Value Users,casual,125.0
126,,2011-11-25,402,7,2279,2,3,3,8,Low-Value Users,casual,126.0
127,,2012-09-10,112,10,3993,2,4,4,10,Medium-Value Users,casual,127.0
128,,2012-09-01,121,18,7052,2,4,5,11,Medium-Value Users,casual,128.0
129,,2012-09-17,105,14,5258,2,4,4,10,Medium-Value Users,casual,129.0
130,,2012-10-06,86,12,5769,3,4,4,11,Medium-Value Users,casual,130.0
131,,2012-10-19,73,14,5846,3,4,4,11,Medium-Value Users,casual,131.0
132,,2012-11-22,39,17,6346,4,4,4,12,Medium-Value Users,casual,132.0
133,,2012-11-11,50,13,5511,3,4,4,11,Medium-Value Users,casual,133.0
134,,2012-11-12,49,11,5100,3,4,4,11,Medium-Value Users,casual,134.0
135,,2012-09-23,99,8,2916,3,3,3,9,Low-Value Users,casual,135.0
136,,2012-11-03,58,5,2194,3,3,3,9,Low-Value Users,casual,136.0
137,,2012-10-26,66,8,3769,3,3,4,10,Medium-Value Users,casual,137.0
138,,2012-10-27,65,10,4373,3,4,4,11,Medium-Value Users,casual,138.0
139,,2012-12-08,23,12,4952,4,4,4,12,Medium-Value Users,casual,139.0
140,,2012-09-02,120,7,3106,2,3,3,8,Low-Value Users,casual,140.0
141,,2012-07-15,169,10,3566,2,4,4,10,Medium-Value Users,casual,141.0
142,,2012-12-02,29,15,5396,4,4,4,12,Medium-Value Users,casual,142.0
143,,2012-11-10,51,13,5171,3,4,4,11,Medium-Value Users,casual,143.0
144,,2012-11-17,44,9,3928,4,3,4,11,Medium-Value Users,casual,144.0
145,,2012-09-03,119,14,6047,2,4,4,10,Medium-Value Users,casual,145.0
146,,2012-06-17,197,9,3522,2,3,4,9,Low-Value Users,casual,146.0
147,,2012-06-08,206,10,4425,2,4,4,10,Medium-Value Users,casual,147.0
148,,2012-12-08,23,17,6566,4,4,5,13,High-Value Users,casual,148.0
149,,2012-11-04,57,7,3097,3,3,3,9,Low-Value Users,casual,149.0
150,,2012-11-04,57,11,4643,3,4,4,11,Medium-Value Users,casual,150.0
151,,2012-11-11,50,10,4351,3,4,4,11,Medium-Value Users,casual,151.0
152,,2012-07-15,169,5,2458,2,3,3,8,Low-Value Users,casual,152.0
153,,2012-10-21,71,10,4449,3,4,4,11,Medium-Value Users,casual,153.0
154,,2012-07-29,155,6,2793,2,3,3,8,Low-Value Users,casual,154.0
155,,2012-08-05,148,7,2955,2,3,3,8,Low-Value Users,casual,155.0
156,,2012-10-14,78,10,4293,3,4,4,11,Medium-Value Users,casual,156.0
157,,2012-09-01,121,6,2640,2,3,3,8,Low-Value Users,casual,157.0
158,,2012-11-23,38,8,3627,4,3,4,11,Medium-Value Users,casual,158.0
159,,2012-07-04,180,7,2820,2,3,3,8,Low-Value Users,casual,159.0
160,,2012-09-30,92,5,2124,3,3,3,9,Low-Value Users,casual,160.0
161,,2012-10-05,87,9,3866,3,3,4,10,Medium-Value Users,casual,161.0
162,,2012-07-28,156,6,2495,2,3,3,8,Low-Value Users,casual,162.0
163,,2012-09-03,119,4,1865,2,3,3,8,Low-Value Users,casual,163.0
164,,2012-12-08,23,15,6951,4,4,5,13,High-Value Users,casual,164.0
165,,2012-10-27,65,7,3039,3,3,3,9,Low-Value Users,casual,165.0
166,,2012-08-26,127,7,2820,2,3,3,8,Low-Value Users,casual,166.0
167,,2012-12-08,23,10,4448,4,4,4,12,Medium-Value Users,casual,167.0
168,,2012-09-11,111,12,5398,2,4,4,10,Medium-Value Users,casual,168.0
169,,2012-09-15,107,6,2553,2,3,3,8,Low-Value Users,casual,169.0
170,,2012-07-15,169,8,3175,2,3,3,8,Low-Value Users,casual,170.0
171,,2012-09-22,100,9,3929,3,3,4,10,Medium-Value Users,casual,171.0
172,,2012-09-09,113,5,2268,2,3,3,8,Low-Value Users,casual,172.0
173,,2012-09-08,114,8,3815,2,3,4,9,Low-Value Users,casual,173.0
174,,2012-10-13,79,9,3659,3,3,4,10,Medium-Value Users,casual,174.0
175,,2012-11-17,44,10,4537,4,4,4,12,Medium-Value Users,casual,175.0
176,,2012-06-24,190,6,2525,2,3,3,8,Low-Value Users,casual,176.0
177,,2012-09-16,106,12,5295,2,4,4,10,Medium-Value Users,casual,177.0
178,,2012-08-12,141,7,3217,2,3,3,8,Low-Value Users,casual,178.0
179,,2012-11-17,44,8,3454,4,3,4,11,Medium-Value Users,casual,179.0
180,,2012-11-11,50,12,5525,3,4,4,11,Medium-Value Users,casual,180.0
181,,2012-09-03,119,9,4083,2,3,4,9,Low-Value Users,casual,181.0
182,,2012-10-21,71,5,2285,3,3,3,9,Low-Value Users,casual,182.0
183,,2012-11-10,51,10,4658,3,4,4,11,Medium-Value Users,casual,183.0
184,,2012-09-01,121,8,3853,2,3,4,9,Low-Value Users,casual,184.0
185,,2012-06-23,191,6,2733,2,3,3,8,Low-Value Users,casual,185.0
186,,2012-11-23,38,11,5112,4,4,4,12,Medium-Value Users,casual,186.0
187,,2012-09-03,119,10,4203,2,4,4,10,Medium-Value Users,casual,187.0
188,,2012-09-16,106,5,2595,2,3,3,8,Low-Value Users,casual,188.0
189,,2012-09-22,100,4,1944,3,3,3,9,Low-Value Users,casual,189.0
190,,2012-07-04,180,3,1510,2,2,2,6,Low-Value Users,casual,190.0
191,,2012-10-21,71,13,6443,3,4,5,12,Medium-Value Users,casual,191.0
192,,2012-10-13,79,3,1513,3,2,2,7,Low-Value Users,casual,192.0
193,,2012-10-14,78,5,2369,3,3,3,9,Low-Value Users,casual,193.0
194,,2012-09-16,106,5,2399,2,3,3,8,Low-Value Users,casual,194.0
195,,2012-11-11,50,12,5918,3,4,4,11,Medium-Value Users,casual,195.0
196,,2012-06-23,191,6,2854,2,3,3,8,Low-Value Users,casual,196.0
197,,2012-10-27,65,8,3873,3,3,4,10,Medium-Value Users,casual,197.0
198,,2012-10-06,86,5,2351,3,3,3,9,Low-Value Users,casual,198.0
199,,2012-07-28,156,6,2832,2,3,3,8,Low-Value Users,casual,199.0
200,,2012-10-14,78,2,1034,3,2,2,7,Low-Value Users,casual,200.0
201,,2012-03-11,295,3,1322,2,2,2,6,Low-Value Users,casual,201.0
202,,2012-10-13,79,3,1712,3,2,2,7,Low-Value Users,casual,202.0
203,,2012-10-14,78,7,3622,3,3,4,10,Medium-Value Users,casual,203.0
204,,2012-10-20,72,7,3295,3,3,3,9,Low-Value Users,casual,204.0
205,,2012-09-01,121,5,2182,2,3,3,8,Low-Value Users,casual,205.0
206,,2012-09-30,92,5,2593,3,3,3,9,Low-Value Users,casual,206.0
207,,2012-05-06,239,2,1122,2,2,2,6,Low-Value Users,casual,207.0
208,,2012-09-30,92,7,3521,3,3,4,10,Medium-Value Users,casual,208.0
209,,2012-09-03,119,4,2001,2,3,3,8,Low-Value Users,casual,209.0
210,,2011-06-18,562,1,449,2,2,2,6,Low-Value Users,casual,210.0
211,,2012-03-11,295,2,956,2,2,2,6,Low-Value Users,casual,212.0
212,,2012-10-14,78,6,3583,3,3,4,10,Medium-Value Users,casual,213.0
213,,2012-08-11,142,4,1894,2,3,3,8,Low-Value Users,casual,214.0
214,,2012-09-16,106,3,1453,2,2,2,6,Low-Value Users,casual,215.0
215,,2012-11-10,51,2,969,3,2,2,7,Low-Value Users,casual,216.0
216,,2012-09-29,93,6,3233,3,3,3,9,Low-Value Users,casual,217.0
217,,2012-10-14,78,6,3211,3,3,3,9,Low-Value Users,casual,218.0
218,,2012-09-02,120,6,3076,2,3,3,8,Low-Value Users,casual,219.0
219,,2012-09-08,114,3,1756,2,2,3,7,Low-Value Users,casual,220.0
220,,2012-05-05,240,5,2459,2,3,3,8,Low-Value Users,casual,221.0
221,,2012-09-30,92,7,3610,3,3,4,10,Medium-Value Users,casual,222.0
222,,2012-05-28,217,3,1555,2,2,2,6,Low-Value Users,casual,223.0
223,,2012-11-23,38,2,832,4,2,2,8,Low-Value Users,casual,224.0
224,,2012-09-16,106,6,3172,2,3,3,8,Low-Value Users,casual,225.0
225,,2012-09-02,120,7,3979,2,3,4,9,Low-Value Users,casual,226.0
226,,2012-11-10,51,7,3960,3,3,4,10,Medium-Value Users,casual,227.0
227,,2012-09-22,100,5,3137,3,3,3,9,Low-Value Users,casual,228.0
228,,2012-05-06,239,4,2094,2,3,3,8,Low-Value Users,casual,229.0
229,,2012-09-30,92,3,1631,3,2,2,7,Low-Value Users,casual,230.0
230,,2012-07-29,155,1,522,2,2,2,6,Low-Value Users,casual,231.0
231,,2012-09-15,107,6,3391,2,3,4,9,Low-Value Users,casual,232.0
232,,2012-11-23,38,6,3443,4,3,4,11,Medium-Value Users,casual,233.0
233,,2011-07-16,534,1,475,2,2,2,6,Low-Value Users,casual,234.0
234,,2012-10-21,71,6,3343,3,3,3,9,Low-Value Users,casual,235.0
235,,2012-10-21,71,7,3939,3,3,4,10,Medium-Value Users,casual,236.0
236,,2012-09-01,121,6,3335,2,3,3,8,Low-Value Users,casual,237.0
237,,2012-09-09,113,8,4586,2,3,4,9,Low-Value Users,casual,238.0
238,,2012-06-09,205,1,593,2,2,2,6,Low-Value Users,casual,239.0
239,,2012-11-23,38,11,5813,4,4,4,12,Medium-Value Users,casual,240.0
240,,2012-05-05,240,1,541,2,2,2,6,Low-Value Users,casual,241.0
241,,2012-08-18,135,3,1493,2,2,2,6,Low-Value Users,casual,242.0
242,,2012-10-21,71,4,2318,3,3,3,9,Low-Value Users,casual,243.0
243,,2012-06-16,198,2,1200,2,2,2,6,Low-Value Users,casual,244.0
244,,2012-07-22,162,2,1047,2,2,2,6,Low-Value Users,casual,245.0
245,,2012-08-11,142,2,1064,2,2,2,6,Low-Value Users,casual,246.0
246,,2012-09-09,113,2,1394,2,2,2,6,Low-Value Users,casual,247.0
247,,2012-10-27,65,5,2708,3,3,3,9,Low-Value Users,casual,248.0
248,,2012-10-14,78,2,1074,3,2,2,7,Low-Value Users,casual,249.0
249,,2012-09-23,99,4,2694,3,3,3,9,Low-Value Users,casual,250.0
250,,2012-10-13,79,4,2135,3,3,3,9,Low-Value Users,casual,251.0
251,,2012-09-22,100,3,1813,3,2,3,8,Low-Value Users,casual,253.0
252,,2012-09-23,99,7,4133,3,3,4,10,Medium-Value Users,casual,254.0
253,,2012-06-17,197,2,1184,2,2,2,6,Low-Value Users,casual,255.0
254,,2012-09-29,93,5,3019,3,3,3,9,Low-Value Users,casual,256.0
255,,2012-10-27,65,4,2492,3,3,3,9,Low-Value Users,casual,257.0
256,,2012-11-10,51,4,2335,3,3,3,9,Low-Value Users,casual,258.0
257,,2012-06-02,212,2,1215,2,2,2,6,Low-Value Users,casual,259.0
258,,2012-11-11,50,5,2988,3,3,3,9,Low-Value Users,casual,260.0
259,,2012-05-26,219,1,504,2,2,2,6,Low-Value Users,casual,261.0
260,,2012-11-11,50,4,2445,3,3,3,9,Low-Value Users,casual,262.0
261,,2012-09-02,120,2,1114,2,2,2,6,Low-Value Users,casual,263.0
262,,2012-10-27,65,3,2198,3,2,3,8,Low-Value Users,casual,264.0
263,,2012-09-23,99,4,2503,3,3,3,9,Low-Value Users,casual,265.0
264,,2012-09-23,99,4,2455,3,3,3,9,Low-Value Users,casual,266.0
265,,2012-10-20,72,5,3262,3,3,3,9,Low-Value Users,casual,267.0
266,,2012-11-10,51,3,1780,3,2,3,8,Low-Value Users,casual,268.0
267,,2012-10-06,86,3,1798,3,2,3,8,Low-Value Users,casual,269.0
268,,2012-05-27,218,1,498,2,2,2,6,Low-Value Users,casual,270.0
269,,2012-09-29,93,1,727,3,2,2,7,Low-Value Users,casual,271.0
270,,2012-05-28,217,2,1056,2,2,2,6,Low-Value Users,casual,272.0
271,,2012-10-20,72,2,1421,3,2,2,7,Low-Value Users,casual,273.0
272,,2012-05-26,219,2,1191,2,2,2,6,Low-Value Users,casual,274.0
273,,2012-09-29,93,5,3128,3,3,3,9,Low-Value Users,casual,275.0
274,,2012-06-03,211,2,1326,2,2,2,6,Low-Value Users,casual,276.0
275,,2012-04-21,254,1,609,2,2,2,6,Low-Value Users,casual,278.0
276,,2012-10-06,86,4,2528,3,3,3,9,Low-Value Users,casual,279.0
277,,2012-11-10,51,1,627,3,2,2,7,Low-Value Users,casual,280.0
278,,2012-04-29,246,1,653,2,2,2,6,Low-Value Users,casual,281.0
279,,2012-04-15,260,1,628,2,2,2,6,Low-Value Users,casual,282.0
280,,2012-04-01,274,1,561,2,2,2,6,Low-Value Users,casual,283.0
281,,2012-09-09,113,1,696,2,2,2,6,Low-Value Users,casual,284.0
282,,2012-04-15,260,3,1953,2,2,3,7,Low-Value Users,casual,286.0
283,,2012-09-15,107,2,1347,2,2,2,6,Low-Value Users,casual,287.0
284,,2012-04-14,261,1,660,2,2,2,6,Low-Value Users,casual,288.0
285,,2012-08-18,135,1,644,2,2,2,6,Low-Value Users,casual,289.0
286,,2012-05-27,218,1,535,2,2,2,6,Low-Value Users,casual,290.0
287,,2012-04-21,254,2,1297,2,2,2,6,Low-Value Users,casual,291.0
288,,2012-11-11,50,1,654,3,2,2,7,Low-Value Users,casual,292.0
289,,2012-06-16,198,2,1276,2,2,2,6,Low-Value Users,casual,293.0
290,,2012-10-13,79,1,637,3,2,2,7,Low-Value Users,casual,294.0
291,,2012-09-15,107,3,1885,2,2,3,7,Low-Value Users,casual,295.0
292,,2012-06-02,212,1,702,2,2,2,6,Low-Value Users,casual,297.0
293,,2012-04-15,260,1,681,2,2,2,6,Low-Value Users,casual,298.0
294,,2012-04-07,268,1,567,2,2,2,6,Low-Value Users,casual,299.0
295,,2012-05-27,218,1,570,2,2,2,6,Low-Value Users,casual,301.0
296,,2012-09-29,93,1,750,3,2,2,7,Low-Value Users,casual,302.0
297,,2012-11-11,50,1,724,3,2,2,7,Low-Value Users,casual,304.0
298,,2012-09-22,100,2,1314,3,2,2,7,Low-Value Users,casual,307.0
299,,2012-10-20,72,2,1389,3,2,2,7,Low-Value Users,casual,308.0
300,,2012-10-27,65,3,2181,3,2,3,8,Low-Value Users,casual,310.0
301,,2012-04-14,261,1,658,2,2,2,6,Low-Value Users,casual,311.0
302,,2012-09-15,107,1,654,2,2,2,6,Low-Value Users,casual,312.0
303,,2012-10-06,86,2,1206,3,2,2,7,Low-Value Users,casual,317.0
304,,2012-04-07,268,1,590,2,2,2,6,Low-Value Users,casual,320.0
305,,2012-04-07,268,1,626,2,2,2,6,Low-Value Users,casual,321.0
306,,2012-10-27,65,3,2156,3,2,3,8,Low-Value Users,casual,325.0
307,,2012-04-07,268,1,578,2,2,2,6,Low-Value Users,casual,326.0
308,,2012-09-15,107,1,704,2,2,2,6,Low-Value Users,casual,327.0
309,,2012-05-19,226,1,642,2,2,2,6,Low-Value Users,casual,331.0
310,,2012-05-19,226,1,704,2,2,2,6,Low-Value Users,casual,332.0
311,,2012-10-20,72,1,711,3,2,2,7,Low-Value Users,casual,335.0
312,,2012-10-20,72,1,731,3,2,2,7,Low-Value Users,casual,347.0
313,,2012-09-15,107,1,783,2,2,2,6,Low-Value Users,casual,350.0
314,,2012-03-17,289,1,690,2,2,2,6,Low-Value Users,casual,352.0
315,,2012-04-07,268,1,615,2,2,2,6,Low-Value Users,casual,354.0
316,,2012-04-07,268,1,643,2,2,2,6,Low-Value Users,casual,355.0
317,,2012-05-19,226,1,672,2,2,2,6,Low-Value Users,casual,356.0
318,,2012-03-17,289,1,679,2,2,2,6,Low-Value Users,casual,357.0
319,,2012-05-19,226,1,730,2,2,2,6,Low-Value Users,casual,361.0
320,,2012-10-06,86,1,743,3,2,2,7,Low-Value Users,casual,362.0
321,,2012-03-17,289,1,685,2,2,2,6,Low-Value Users,casual,367.0
